,Pearson_r
A2M,0.8924505656645368
AADACL3,0.8597983599168443
ABCA1,0.8670055806541785
ABCA12,0.8927069354260704
ABCA13,0.8636822761813829
ABCA17P,0.9093816381686034
ABCA3,0.9032279777206816
ABCA9,0.9120489421584089
ABCB1,0.9009107131630705
ABCB11,0.8337188138504187
ABCB4,0.8564266176193875
ABCB5,0.8547179163629561
ABCC9,0.8204735164841785
ABCF1,0.7199889638597119
ABCG2,0.473243585271245
ABHD12,0.8687381539151214
ABHD12B,0.8411062277687021
ABHD15,0.9188606578859602
ABHD16A,0.3222601187539038
ABHD4,0.8992094151413293
ABI3,0.9027212240846649
ABI3BP,0.8946484606293419
ABL1,0.86522316347987
ABLIM3,0.8883525536658684
ABO,0.9263045827389074
ABRACL,0.8719683959744287
ABTB2,0.8787829959782788
ACADL,0.9246859677136158
ACADS,0.9060899725394344
ACAP2,0.870288153542302
ACAT2,0.862319693662489
ACBD6,0.8648429801960157
ACCS,0.8515835442189859
ACCSL,0.8734045972527218
ACKR2,0.8236787721208573
ACKR4,0.8206608085226447
ACOX3,0.8779498089883331
ACPP,0.8980778850935481
ACRBP,0.7475668347621295
ACSL5,0.8580381656026251
ACSL6,0.8473126154745259
ACSM1,0.8977055932568363
ACSS2,0.8747483476697642
ACSS3,0.8787217182949896
ACTA1,0.9003078621033316
ACTA2,0.29171110665928546
ACTC1,0.897667203284908
ACTG1P17,0.8842225993522645
ACTG2,0.8612931241963413
ACTN1,0.8156997530353416
ACTN2,0.8831515466546108
ACTN3,0.8953743415796924
ACTN4,0.8614209384372172
ACTR3,0.7929054747486292
ACTR3B,0.8690507858875498
ACVR2B-AS1,0.8754972435493643
ADAM12,0.8089726490565665
ADAM19,0.834313308925604
ADAM22,0.8721364163983001
ADAM28,0.9298326452275871
ADAM32,0.9075726700075852
ADAMTS10,0.8819849816757236
ADAMTS12,0.7952181936088953
ADAMTS15,0.8294119078384743
ADAMTS17,0.8843258303426774
ADAMTS18,0.9056876770462376
ADAMTS19-AS1,0.8930074061173787
ADAMTS20,0.859562537099233
ADAMTS3,0.8739550636941427
ADAMTS5,0.9184340481340935
ADAMTS6,0.8789960949954791
ADAMTS9,0.7879856984080122
ADAMTS9-AS2,0.8482819290632458
ADAMTSL1,0.8802287433376815
ADAMTSL2,0.8242763487341972
ADAMTSL3,0.8833781730956795
ADAMTSL5,0.8617441109697664
ADAP1,0.9121016276019693
ADARB1,0.8672237624634176
ADARB2,0.7016367225785367
ADCY10,0.8767298322016055
ADCY8,0.8487213836520053
ADD2,0.7885295869216198
ADD3,0.8640953179770217
ADD3-AS1,0.8831457310782358
ADGB,0.8535637820721812
ADGRA2,0.8750520324403482
ADGRA3,0.8586643701686381
ADGRB3,0.8794077617850253
ADGRG1,0.907115593363506
ADGRG6,0.8678553982291418
ADGRL3-AS1,0.8891768513452134
ADGRL4,0.7776633985842882
ADH6,0.8768144008910072
ADORA2A-AS1,0.8714339521873182
ADRA2B,0.9506447882908744
ADTRP,0.8974777864607337
AFAP1,0.8516619276904435
AFAP1-AS1,0.8344194388112112
AFF2,0.7310532812593009
AFF3,0.8062748285997596
AGBL1,0.8451691486271109
AGBL2,0.8682757294564961
AGBL4,0.8715449924925677
AGL,0.8620146607868931
AGMO,0.8642545381770121
AGPAT4,0.8689794718148245
AHNAK,0.8442521153158699
AHRR,0.8625490559601929
AIG1,0.8086896950784084
AIRE,0.7491822927684771
AJAP1,0.8534888120129128
AK8,0.8875432562695575
AKAP6,0.8607355727616011
AKR1C1,0.8881742962563289
AKR1C3,0.9266408289045265
AKR1D1,0.7062095038538433
AKR7A3,0.8952379958952794
ALCAM,0.82190791274887
ALDH1A1,0.8731407748260073
ALDH1A2,0.8515079163765197
ALDH5A1,0.87484247623134
ALDOA,0.8601316108757979
ALG13,0.8661464596677619
ALK,0.8816858482008832
ALKBH3,0.864599410055338
ALKBH6,0.8976605513072647
ALOX12,0.9082579609658218
ALOX5,0.8892807951637806
ALPK1,0.8489288104419029
ALPK2,0.7521296307360403
ALPL,0.7520478276114128
ALS2,0.881156975670491
ALX1,0.8656229488026143
AMER2,0.8422248091931015
AMOT,0.8581426934868869
AMOTL1,0.8570900238591123
AMOTL2,0.8655482411755666
AMY2B,0.8873769515871395
ANAPC10,0.872760018125941
ANAPC1P1,0.91499289441913
ANGPT1,0.8952012038149734
ANGPT2,0.8186387403899034
ANGPT4,0.8796619425463872
ANGPTL4,0.8945801591859197
ANGPTL7,0.8874935898721257
ANKDD1A,0.8696544342646989
ANKDD1B,0.8156782270504277
ANKFN1,0.8332934024010104
ANKLE1,0.8671092324067567
ANKRD1,0.8263949883857074
ANKRD26,0.8697497593047097
ANKRD28,0.8718505177055992
ANKRD34B,0.8498715073765507
ANKRD36,0.8630796115403975
ANKRD36BP2,0.9015330929865601
ANKRD44,0.8540324788728282
ANKRD45,0.8585039910743683
ANKRD55,0.8648052976114126
ANKRD6,0.8508095456800414
ANKRD61,0.8824349334415683
ANKRD65,0.8024362618484411
ANKS1B,0.8752749984906548
ANO2,0.8811440700909627
ANO3,0.8867195106933043
ANO4,0.878131477893868
ANO5,0.8755038058842283
ANOS1,0.8797044566568061
ANP32B,0.863517861101845
ANPEP,0.8281625207087959
ANTXR2,0.8602304294706752
ANXA1,0.8204679828647427
ANXA2,0.7929795569157798
ANXA3,0.867628445072577
ANXA4,0.5503936751336508
ANXA5,0.7791088284653439
AOAH,0.8836152477921846
AP2M1,0.8676924234827713
AP5S1,0.9297484049034395
APBA1,0.887899496292983
APBB1IP,0.965035572592774
APCDD1,0.9005076046124649
APEX1,0.7103156339772636
APLNR,0.8234695023778471
APOA1-AS,0.8631084415994009
APOB,0.8728075276689194
APOLD1,0.9058995824392244
AQP4-AS1,0.8645255266518769
AR,0.6942311145406969
ARAP2,0.9055197566850258
ARHGAP10,0.8768207364870848
ARHGAP18,0.8730061144177554
ARHGAP20,0.7887804093428377
ARHGAP21,0.867877758138621
ARHGAP24,0.8364972016179122
ARHGAP26,0.8644678412506294
ARHGAP28,0.5705323663050437
ARHGAP29,0.8609384140375022
ARHGAP30,0.7760853122060457
ARHGAP40,0.7671459744032302
ARHGAP44,0.8709068070572432
ARHGAP6,0.8582188186382776
ARHGEF12,0.8672696619423904
ARHGEF15,0.8147509615072761
ARHGEF28,0.86459344819144
ARHGEF33,0.2457568574182919
ARHGEF38,0.8627809185505373
ARHGEF4,0.84922370873075
ARID3A,0.6445541506225744
ARID5A,0.8725986205291211
ARID5B,0.8851897503052638
ARL3,0.8767193654788971
ARL6,0.8735911673177127
ARL9,0.9081532994220809
ARMC3,0.8781411606131829
ARMT1,0.8798007660197789
ARNTL2-AS1,0.861192244292861
ARPP21,0.7962242367104432
ARR3,0.9274807591117346
ARRB1,0.8560777070330017
ARRDC5,0.860004933824179
ARSD,0.8852447085095928
ARSJ,0.8715119298677316
ART4,0.8855831009181551
ASAH2B,0.9097280186136104
ASAP1-IT1,0.8806731586033094
ASAP2,0.8712568126255827
ASB18,0.8934306436986431
ASGR1,0.8784157979073467
ASIC1,0.8757464504561351
ASIC2,0.8641044766027824
ASPH,0.8768334566629227
ASTN1,0.8748896198471672
ASTN2-AS1,0.8576622500508547
ASXL3,0.8657285795098062
ATAD2,0.8742651598773642
ATE1-AS1,0.8923475203776284
ATF3,0.8880522066828358
ATF6B,0.8934993632407747
ATF7IP2,0.8743924786928601
ATG10,0.8658422467341519
ATG4A,0.8762006764932971
ATG7,0.8811876522638528
ATM,0.8058735267924355
ATOH8,0.861949270499837
ATP10A,0.8731294483128936
ATP10B,0.8741784788214059
ATP10D,0.8764218664786941
ATP11A,0.8690604660656307
ATP11A-AS1,0.8763561485600241
ATP11B,0.8671684729853174
ATP11C,0.8659525169049253
ATP12A,0.8745177357646036
ATP13A4,0.8702209019345554
ATP1A1,0.7938541069212066
ATP1A2,0.8805774358877985
ATP2B1,0.8361985450402432
ATP2B3,0.700383320321286
ATP2C1,0.8581973912316475
ATP5I,0.877727941361079
ATP5J,0.6432271165135234
ATP5J2,0.8701494428267753
ATP5O,0.8606083281686338
ATP6V0D2,0.8206441695002236
ATP6V1G2,0.876334532874421
ATP8A2,0.8782509138443912
ATP8B1,0.8806337617661113
ATP8B4,0.8507473701838749
ATP9B,0.8575652251238359
ATPIF1,0.8806196353755137
ATRNL1,0.8618213704942945
ATXN1,0.8615433036249805
AUH,0.7998556060178326
AVIL,0.9165394496883303
AXDND1,0.8667273601649903
B3GAT2,0.9093535358654603
B4GALNT2,0.8394154634447313
B9D2,0.27104140521161413
BAALC,0.8488501758453868
BACH2,0.7552186913064258
BAHCC1,0.9004817347227722
BANK1,0.904675008987001
BARD1,0.8651578681076183
BBOF1,0.8796363370064484
BBOX1-AS1,0.8628034966048947
BBS5,0.8097389470913523
BCAR3,0.8747578951492538
BCAS3,0.8140007124184929
BCHE,0.8959459589873717
BCL11B,0.8692495532515158
BCL2,0.8889701036095506
BCL9,0.8729489718812414
BCO2,0.8260573071789158
BCOR,0.812770244245205
BEX3,0.8571080986541493
BEX5,0.8728818247039539
BGN,0.816790429194149
BHLHE40,0.8059740902218863
BHLHE40-AS1,0.23999726164473437
BHMT,0.8840036797571913
BICC1,0.8578321165457738
BISPR,0.831627093715098
BIVM,0.8335261530913313
BLOC1S4,0.9136673106208311
BLOC1S5-TXNDC5,0.8743687215267639
BMP2,0.8807137224416512
BMP2K,0.872198827084462
BMP3,0.8548175453178641
BMP4,0.8550417160788655
BMP5,0.8509854935411669
BMP6,0.8787165379310024
BMP7,0.8907904254600882
BMP8A,0.892498335294032
BMP8B,0.7798829630388788
BMPER,0.8247288704864975
BMPR1B,0.8494721104793428
BMPR2,0.8618936959377167
BMS1P5,0.8533245514047952
BNC1,0.7688564154948998
BOC,0.8912999635383829
BOD1L1,0.7232982166081527
BORCS6,0.9041966241434429
BRDT,0.8793598085144105
BRE,0.7530334038018713
BRINP1,0.8636565771910497
BRINP2,0.7862787058243665
BRINP3,0.8232877431760797
BRIP1,0.861970747353296
BSG,0.8609132090392639
BST1,0.8245707387767788
BTBD11,0.8673007234862836
BTBD16,0.8891410746898255
BTBD6,0.8584948837580125
BTBD9,0.8655688619429138
BTG2,0.893225216585444
BTLA,0.8844249306503977
BTNL8,0.8481834208618301
BVES,0.8611621041364096
BZW1,0.8704157714287872
C10orf107,0.7441076375335907
C10orf11,0.8881273839602841
C10orf90,0.8774169323433338
C11orf63,0.9012208908098127
C12orf54,0.8824414873235119
C12orf56,0.8849759540853466
C12orf60,0.866870391485255
C14orf105,0.7838405923261894
C14orf166,0.8553265063450064
C14orf178,0.9345700023507346
C14orf37,0.8788425714764269
C15orf41,0.8636852973047947
C15orf65,0.8798177686327628
C17orf97,0.869590870292065
C18orf32,0.8749416597597938
C19orf38,0.9485610818239117
C19orf57,0.8986045880906058
C1GALT1,0.8656338897932025
C1QBP,0.7450939831479576
C1QL3,0.8971140115001259
C1orf101,0.9027145770733511
C1orf132,0.851301506973312
C1orf158,0.8847482168280818
C1orf162,0.8852915780519792
C1orf168,0.9089064673896926
C1orf194,0.7830441903598452
C1orf228,0.8765106272977231
C1orf61,0.8054081634652366
C20orf166-AS1,0.8194809888728838
C21orf2,0.8875346312021948
C21orf59,0.7722360258884658
C21orf62-AS1,0.8888450746460248
C21orf91-OT1,0.8412405677758457
C2orf40,0.8945120157243653
C2orf88,0.5660467373677545
C3,0.8705917944951227
C3orf70,0.8474474054536566
C4orf19,0.8627946943810733
C4orf22,0.8347630047755898
C4orf32,0.9058068290664245
C4orf47,0.9046765823055114
C4orf48,0.8912913579792974
C4orf50,0.8533702288817843
C4orf51,0.8086583961477544
C5,0.8307466362016213
C5orf17,0.88345296544318
C5orf46,0.8602105068457039
C6orf1,0.845569155584733
C6orf106,0.8720905661227801
C6orf118,0.8832601247121283
C6orf99,0.9000487812786169
C8orf31,0.871870184798841
C8orf34,0.8925014925078832
C8orf37-AS1,0.8695452544349596
C8orf4,0.86755677196871
C8orf48,0.9319482779186324
C8orf89,0.876357604008955
C9orf135,0.8447676581745882
C9orf3,0.8023966720948632
C9orf43,0.9143407817157805
C9orf84,0.8786238263514647
C9orf92,0.8855672636496886
CA1,0.8963586760254124
CA10,0.8634987024688179
CA12,0.8676606006424967
CA2,0.8812729217044853
CA3,0.7428890468193654
CA3-AS1,0.9238563522563563
CA8,0.8777336519123926
CABIN1,0.8799085436564839
CABP7,0.8398533759032232
CACNA1B,0.8689499766628839
CACNA1C,0.8652067654654023
CACNA1E,0.8857900320468015
CACNA2D4,0.9123849360594976
CACNB2,0.8655140839839728
CACNB4,0.890454924646201
CACNG2,0.9055164196924095
CACNG6,0.897163161354717
CADM1,0.8624635148321121
CADPS,0.8698665396814029
CADPS2,0.7779198460384784
CALB1,0.8766837671451704
CALCA,0.8702785928961774
CALCR,0.8298844924381981
CALCRL,0.8641726101889478
CALHM2,0.8560664899981788
CALR3,0.8929264408457948
CAMK1D,0.8811239806057749
CAMK1G,0.91138292958696
CAMK2A,0.8824931009753818
CAMK2B,0.9125312518711637
CAMK2D,0.8669482011464399
CAMK2N2,0.8088804197928297
CAMK4,0.8886264211221083
CAMKK2,0.8889831474561937
CAND1.11,0.9081259971475513
CAP1,0.8590510978729563
CAP2,0.8513821487977213
CAPN13,0.8653993661130494
CAPN2,0.8601906204408832
CAPN6,0.89049039933219
CAPN8,0.7949058645533398
CAPN9,0.8907957833925999
CAPRIN2,0.8757907326247156
CARD14,0.9618547129839723
CARMN,0.8428424729409084
CASC17,0.8806362193319202
CASC2,0.8979082272938885
CASC20,0.8891195443711636
CASC9,0.8744504492574446
CASKIN1,0.9101856655275461
CAST,0.8609105489266097
CATSPERB,0.8967854895079141
CATSPERG,0.8879452853896431
CAV1,0.8169329345705424
CBFA2T2,0.8610360633156523
CBLB,0.8624428187969942
CBLN1,0.8287672563904656
CBR3-AS1,0.8396210456435592
CBSL,0.8815114314550676
CBX4,0.8751582906886899
CCAT1,0.838351858827288
CCBE1,0.8841613197808427
CCDC102B,0.8246210667982679
CCDC103,0.8947717596873843
CCDC14,0.86569862815544
CCDC141,0.8124582299681171
CCDC146,0.8682708256944758
CCDC15,0.8918768673806526
CCDC150,0.8663358194361044
CCDC170,0.867194759592395
CCDC178,0.877804131739419
CCDC30,0.8743373011566338
CCDC36,0.881625914828708
CCDC38,0.9061714687764427
CCDC60,0.8446721123701808
CCDC62,0.8870476428232522
CCDC7,0.5128848706575163
CCDC80,0.8790539381601514
CCDC81,0.8838994471032788
CCDC83,0.9092068043273234
CCDC85A,0.8554716246389275
CCDC90B,0.6569592694932268
CCDC91,0.809472178085356
CCDC92,0.9062020513562039
CCL2,0.8551413829040367
CCL26,0.8257993503387742
CCNB1,0.8548658597380207
CCND1,0.8020866148577626
CCND2,0.8057311978029765
CCNI,0.8552525600271408
CCNY,0.8635163584623806
CCSER1,0.8627473262389901
CD109,0.8664540669401234
CD160,0.8878123242186183
CD177,0.8665676628611775
CD200R1,0.8480547415801204
CD226,0.8293387993059332
CD247,0.8676597665441137
CD34,0.9050405977821974
CD36,0.8573647897408322
CD38,0.8484767850890551
CD44,0.8807997527218874
CD46,0.8048674131061125
CD48,0.8533902333524211
CD52,0.8254812389192463
CD53,0.885233346075249
CD55,0.86580762810002
CD63,0.852051140618899
CD70,0.9073752742437079
CD72,0.8186847856131299
CDC14B,0.8623574604021437
CDC20B,0.8731704362034922
CDC37,0.7214878563680479
CDC42,0.8656832235372433
CDC73,0.8678048967567181
CDCP1,0.8528211814964971
CDH10,0.7856428488354003
CDH11,0.8635224362850253
CDH12,0.8880061550567591
CDH13,0.8311871820162254
CDH15,0.8617397300241476
CDH18,0.8598164226502747
CDH19,0.9334275860700494
CDH2,0.8791010634952345
CDH20,0.9021775497447138
CDH4,0.8209730335544092
CDH6,0.8979953195936841
CDH7,0.8899433852625727
CDH8,0.8704258660766708
CDH9,0.8992114376261171
CDK13,0.853722930318256
CDK17,0.8781341541757871
CDK20,0.9292786886429913
CDK5RAP2,0.8669355033966059
CDK6,0.8533841867803472
CDK8,0.7967194486392556
CDON,0.7195540606281483
CDX2,0.7873776756139034
CEACAM21,0.8448204898284397
CECR7,0.8228405927718434
CELF2,0.7979855405763451
CELF3,0.909090532377683
CELF4,0.8658178179859976
CELF6,0.8940109492328225
CEMIP,0.8785109336692751
CENPK,0.8672559972738907
CENPU,0.7955278107876861
CENPW,0.8791543493267319
CEP112,0.8633110877273997
CEP128,0.8596550881940582
CEP192,0.8680228371057138
CER1,0.8405046999935868
CERKL,0.8399418319211673
CERS6-AS1,0.9214133107087127
CES1,0.8708928005099239
CFAP100,0.8335653520053894
CFAP43,0.8675774877139516
CFAP44,0.900766431587554
CFAP46,0.8858530799132531
CFAP47,0.8860298699352532
CFAP54,0.8613009600577936
CFAP61,0.8682129866319285
CFAP74,0.9237114772944921
CFD,0.7945929319806626
CFLAR,0.8864349869451588
CFTR,0.88081845389446
CHD1L,0.8678591905483946
CHGA,0.861062304295192
CHIC1,0.8734253972290911
CHL1,0.9013952619835757
CHM,0.8647312066434448
CHMP1B2P,0.8880586077216203
CHMP4C,0.8774370922274553
CHMP6,0.8924985163736582
CHN2,0.8702601052857274
CHODL,0.8003401313133242
CHRM2,0.8003671876990942
CHRM3,0.7247794618903672
CHRNA3,0.9004951748467765
CHRNA9,0.8734990577659237
CHRNB4,0.8657586324678244
CHRND,0.9185788154733006
CHRNG,0.8961942141684334
CHST1,0.8185809565818077
CHST11,0.868132374126184
CHST9,0.870937239509003
CHSY1,0.8700386881369883
CHSY3,0.8601108012862155
CISD3,0.8336973565535242
CITED2,0.8729462779558419
CKMT1B,0.8940533201416663
CKS1B,0.634404913454165
CLCN1,0.9103205956515351
CLDN11,0.8048410463030479
CLDN6,0.8730479441229612
CLEC2A,0.860047493625362
CLEC2L,0.8428777129024999
CLIC1,0.8654338066184586
CLIC5,0.8871462703785877
CLIP4,0.8941497141924962
CLMN,0.546297747516864
CLMP,0.7059796384924747
CLNK,0.9248069620636618
CLRN1,0.8927579883609098
CLRN1-AS1,0.8974359500709889
CLSTN2,0.5172885598920522
CLU,0.8664013220318981
CLVS1,0.923464783297859
CLVS2,0.8869879902132739
CMTM8,0.8844196086351266
CNBD1,0.8882434063361554
CNGA4,0.8437397852442406
CNGB3,0.8602864955600205
CNKSR3,0.6826846719455995
CNN1,0.8934649744362897
CNN2,0.8647929369661063
CNNM2,0.878636097006083
CNOT2,0.8705749399145849
CNOT6,0.8652906318524819
CNR1,0.8807738678252651
CNTN1,0.872883312880009
CNTN2,0.856989592706253
CNTN4,0.7888452498648143
CNTN5,0.5163060266785892
CNTN6,0.8857417472408879
CNTNAP1,0.9078384281463879
CNTNAP3B,0.883278413038936
CNTNAP4,0.8120905198273536
CNTNAP5,0.8881757879708209
COBL,0.8614313234194519
COBLL1,0.8627929024977133
COG5,0.8685298929736408
COL11A1,0.8596947828859669
COL11A2,0.8285209302674348
COL12A1,0.7718099447080486
COL13A1,0.8597935561114896
COL15A1,0.7903997896344876
COL19A1,0.8503564456187725
COL1A1,0.8555902935559404
COL1A2,0.8634128672987771
COL21A1,0.8793991721564938
COL22A1,0.4387414296927464
COL23A1,0.86459005678724
COL24A1,0.8700339271628406
COL25A1,0.8655548007542365
COL28A1,0.887704657941784
COL2A1,0.720442132748971
COL3A1,0.7770520889715705
COL4A1,0.8635071989205964
COL4A2,0.8572429575731978
COL4A3BP,0.8713186695652815
COL4A4,0.8802014647435904
COL4A5,0.8075442066674453
COL4A6,0.8907538423447803
COL5A1,0.8573008741186892
COL5A2,0.8053864642952642
COL6A1,0.8637257750512485
COL6A4P2,0.7761323141427406
COL6A6,0.8766024811515426
COL7A1,0.8824608430276821
COL8A1,0.8049400426898806
COL9A1,0.886221229300687
COLEC10,0.8674641054900524
COLEC11,0.8402575324790157
COLEC12,0.8512446425619535
COLGALT2,0.8155892453814252
COLQ,0.8771524676924688
COPG2,0.859583539483002
CORIN,0.910124728514654
COX4I1,0.8720780237626778
COX7B2,0.8853130058356817
CPA2,0.7427623593769304
CPA6,0.8757067269636988
CPE,0.8777720520911931
CPEB2,0.8586184093457168
CPED1,0.8306782575795031
CPLX2,0.880896929805124
CPM,0.8644080094017534
CPNE4,0.8710186541087123
CPNE5,0.8146818052736904
CPNE8,0.8531668880598992
CPQ,0.8692278136279206
CPS1,0.8822429422043102
CPXM1,0.40488483395948766
CR1L,0.8591215168292542
CRABP1,0.8990778371044499
CRADD,0.8781023526532735
CREB1,0.8628760711386263
CREB3L2,0.8684551467229972
CREB5,0.8187649300252496
CRIM1,0.8684206284785784
CRISPLD1,0.8639203257129638
CRLF1,0.8351946279679914
CRNDE,0.8699159305374566
CRTC3,0.8749010089366076
CRYAB,0.9079986855765181
CRYBA4,0.9257577760609991
CRYBB1,0.9090388482982834
CSDC2,0.8234263779798257
CSF1,0.8828806776053856
CSGALNACT1,0.8425797129008996
CSMD1,0.8720278793223022
CSMD3,0.8792288670307372
CSNK1A1P1,0.8841501381744377
CSPG4,0.846099011014146
CSRNP3,0.8789883833194662
CSRP1,0.8663658576072608
CSTF3,0.8589525071027825
CTB-99A3.1,0.9244788898016932
CTDSPL,0.855249761502437
CTGF,0.8609981036727248
CTHRC1,0.862904768411728
CTIF,0.8695840044480463
CTNNA3,0.8650173543883296
CTSF,0.9223015798345179
CTSL,0.8734940315888415
CTSV,0.848994208585726
CTTNBP2,0.7905904800336385
CUBN,0.8633399235988274
CUL1,0.801781620285544
CUX2,0.8733601356440129
CWC27,0.8079733528392458
CWF19L2,0.8694833747022845
CXCL14,0.8683813628890233
CXCL6,0.9093333386149777
CXXC4,0.8772338644972273
CYCS,0.8708977596721317
CYP11A1,0.746486675254621
CYP19A1,0.8685161178167923
CYP1B1,0.8397170281015798
CYP26A1,0.882113329867551
CYP27A1,0.8719573423567301
CYP27C1,0.8944277485133093
CYP2C18,0.8981083185024906
CYP2C19,0.8511073305562692
CYP2C8,0.8124799304219211
CYP2J2,0.8699956919603316
CYP39A1,0.9059260241458243
CYP3A5,0.9128370560535648
CYP4Z2P,0.9084592636108323
CYP51A1-AS1,0.8526443879414991
CYP7B1,0.84667698282729
CYR61,0.8545570815211162
D21S2088E,0.8437201313156022
DAB2,0.8157173897908968
DACH1,0.8853565007365023
DACH2,0.8659134532820689
DACT1,0.8460736525483459
DACT2,0.852243175686307
DACT3,0.862351960911592
DBI,0.7886202448438759
DBN1,0.8702271649942794
DCBLD1,0.8919432626204347
DCBLD2,0.8717253782080802
DCC,0.8712319063239756
DCDC1,0.9004726306408176
DCDC2,0.8514299446212623
DCDC5,0.9349592977109097
DCHS2,0.8536754033842107
DCLK1,0.8724555111259853
DCLK2,0.8572652510612486
DCLK3,0.8455296754238747
DDAH1,0.8540293527595489
DDC,0.8945612171547546
DDHD1,0.7013652046186061
DDIT4L,0.8897158734819828
DDR2,0.8369269295922861
DDX10,0.7909003652652717
DDX18,0.7949242962479269
DDX60,0.8683476596715889
DEC1,0.8351930816369524
DEFB1,0.8653623848012478
DEFB107B,0.8554911695172635
DENND1B,0.8611573589250286
DENND6B,0.8373152779257529
DEPDC1B,0.8712577361741751
DEPTOR,0.8708752956018541
DERL3,0.8702383576433423
DES,0.8361862914812851
DET1,0.872838801163934
DGKB,0.87050955871433
DGKG,0.8878829279018495
DGKH,0.8843340448728856
DGKI,0.8892607733036229
DGKK,0.9006029157669172
DHRS2,0.9348098926366502
DHRS4L1,0.8834848914416142
DICER1,0.8664567097619279
DIDO1,0.864865374212207
DIO2,0.9178467536805948
DIP2B,0.8585629497723666
DIP2C,0.861776821238251
DIRC3,0.8808731686075099
DISC1FP1,0.854534781990441
DISP1,0.8756379328718171
DKK1,0.8736602392290359
DKK2,0.8062647717898812
DKKL1,0.865356183455011
DLC1,0.49223629915697015
DLEC1,0.8415137704004558
DLEU1,0.8718187076945276
DLEU7,0.8897701422973229
DLG5,0.8661123914911553
DLGAP1-AS4,0.8956343042302479
DLGAP5,0.8121247244710508
DLK1,0.8292023657363833
DLL1,0.8895011828065572
DLL3,0.879659674869186
DLSTP1,0.8224003306924628
DLX3,0.8862408691257694
DLX5,0.909618570109531
DLX6,0.9278839794406453
DLX6-AS1,0.8696744089401961
DMBX1,0.9445965534250167
DMD,0.8719612815930148
DMRT1,0.8140592464076973
DMRTA1,0.8823328835583407
DMXL1,0.7999374858019724
DNAH10,0.8770569433376423
DNAH12,0.8852821666548938
DNAH14,0.8562704812959128
DNAH5,0.9047705392169694
DNAH6,0.893337171000549
DNAH7,0.9107260996162663
DNAH8,0.8344506072858426
DNAH9,0.8690608493947884
DNAI1,0.9117739763853577
DNAJC1,0.7005427845678963
DNAJC10,0.8630588798264445
DNAJC15,0.8580185774531345
DNAJC3-AS1,0.8565982305887688
DNER,0.9051854533269827
DNM3,0.8791823545347243
DNM3OS,0.8567450440914235
DNMT1,0.8591916267403467
DNMT3A,0.7862534967089011
DNMT3L,0.8237454840384768
DOC2B,0.8030493522969305
DOCK10,0.8632208465854272
DOCK11,0.8816727686594779
DOCK4,0.7871396990598356
DOCK6,0.8593895766105605
DOCK9,0.8647721654561292
DOK6,0.8462902410261998
DOK7,0.892847207327126
DOPEY1,0.87137248153715
DPEP1,0.849541173254202
DPF3,0.8955411778875737
DPH1,0.893281240439471
DPH6,0.8626103592141183
DPH6-AS1,0.8545673991768497
DPP6,0.7690778472914038
DPPA2,0.8607018413258707
DPPA3,0.8734128417189397
DPY19L1P2,0.8769271477473808
DPY19L2P1,0.847878924326374
DPY19L2P2,0.8493160064891714
DPYD,0.8487313849563136
DPYSL4,0.9044837750222935
DRC1,0.8960321402396038
DRC3,0.8844517059894978
DRD3,0.8919725079826669
DSC2,0.8687778739149077
DSCAM,0.8205777757018348
DSCAML1,0.8947110811192927
DSCAS,0.8976206321566759
DSCR9,0.902599836061542
DSE,0.8712015907384153
DSP,0.8416209497509526
DTNA,0.8733240206791169
DTWD2,0.8467262895021825
DUSP16,0.872047747650914
DUSP27,0.8498066501943603
DUSP4,0.8280218093438818
DUSP6,0.4654505474812706
DYNC1I1,0.8486164156114735
DYNC2H1,0.865289725758659
DYSF,0.8651408159263183
E2F2,0.8870247814536779
E4F1,0.9221374885879485
EBF1,0.784250674586229
EBF2,0.8505731905569057
EBF3,0.886301402246789
EBF4,0.853252755769337
ECM1,0.8995317926384825
ECSCR,0.8742828369220597
ECT2,0.7981964282682408
EDN1,0.9073115127377293
EDN3,0.9012214016458608
EDNRA,0.8820857189914386
EDNRB,0.8104748509035699
EFCAB5,0.8920572670170976
EFCAB8,0.8667882210193373
EFEMP2,0.8724720864905475
EFHB,0.9030610012877682
EFNA1,0.8594782227926562
EFNB2,0.8714975221392129
EGF,0.8735955060380527
EGFL6,0.8461864338388109
EGFLAM,0.8278978814365963
EGFR,0.8744996491396196
EGR2,0.902045572851561
EID1,0.8008166880967362
EIF1B-AS1,0.87354554812607
EIF2S2,0.8009104033734968
EIF3CL,0.8920762028283984
EIF4E2,0.8766792429675455
ELAVL2,0.8692091244893374
ELAVL4,0.9001124770074378
ELF1,0.8630371692672483
ELF2,0.8718097956817236
ELF3,0.898266248001755
ELF4,0.8669888516010552
ELF5,0.8052204766856071
ELK3,0.8577945763805154
ELL2,0.8797138766730459
ELMO1,0.8679811541385122
ELMOD1,0.899536383970842
ELMOD3,0.888734205889585
ELN,0.7700124315969245
ELP4,0.861415078117978
EMCN,0.835669818019947
EMID1,0.9012252134710383
EMILIN2,0.8208301775262142
EMP1,0.8806238868128828
EMX2OS,0.771970469962412
ENC1,0.844879961326441
ENDOD1,0.9047872574863128
ENG,0.8510345231969723
ENKUR,0.9279166994135459
ENOX1,0.8817141690638488
ENOX2,0.6791462760964704
ENPEP,0.839590412134392
ENTHD1,0.9154193945114486
ENTPD3,0.892234576723249
EOGT,0.8355503406508896
EOMES,0.7751326320036563
EPAS1,0.9012539929533153
EPB41L3,0.86414604710515
EPB41L4A,0.8756164291880034
EPB41L5,0.8610268560834361
EPC1,0.8657298329004175
EPC2,0.7921362998613564
EPHA2,0.895407416350841
EPHA3,0.7992146128584877
EPHA4,0.8880265679278395
EPHA6,0.8670487229931401
EPHA7,0.8827734743947789
EPHB1,0.8739116880176512
EPHB3,0.7992068941803672
EPN2,0.8668946623159269
EPS8,0.8783081449332932
EQTN,0.925555406034981
ERBB4,0.8630611396776207
ERC2-IT1,0.945572434104963
ERCC8,0.86884784027853
ERG,0.8392846529500835
ERI3,0.8854929096412827
ERICH1-AS1,0.6860002092622842
ERICH6,0.9288201270309613
ERICH6-AS1,0.8855017979878484
ERP27,0.8084345218300154
ERVH48-1,0.873545992601745
ESPNL,0.8400217001646066
ESRRB,0.838174008461894
ESRRG,0.8418923687897537
ESYT2,0.8872123678521443
ETV1,0.7603477520081435
ETV6,0.8680110548898533
EVI2B,0.9125800544506263
EVI5,0.8628761697271686
EXOC3-AS1,0.8286909466234021
EXPH5,0.8696686151084128
EYA1,0.8748216182830727
EYA2,0.8870971732253567
EYA4,0.862577215107546
EYS,0.8777698608091649
EZH2,0.8714004009314583
F10,0.8947004730774767
F13A1,0.8552161222742668
F2RL2,0.8126871434375689
F3,0.8458703261508079
FAAH2,0.7801103488710139
FABP7,0.883159984591295
FADS1,0.8630047185884901
FADS2,0.7467360831480504
FAM102B,0.8739966038093767
FAM110B,0.858848923150658
FAM126A,0.7904364454209234
FAM131A,0.897578826311867
FAM134B,0.8820213965328703
FAM135A,0.8709509618620279
FAM135B,0.834570413365188
FAM13A,0.8511555125418904
FAM13A-AS1,0.867751589306207
FAM13C,0.8838532027412597
FAM150B,0.8775262521427774
FAM151B,0.8615184252185925
FAM157C,0.8662873916264149
FAM160A1,0.8075518790690328
FAM161B,0.8160613795526865
FAM163A,0.9058016330053793
FAM163B,0.8833654012162854
FAM167A,0.8502439325505553
FAM167A-AS1,0.8958410354642938
FAM169A,0.866170989644524
FAM171A1,0.8665120250115356
FAM172A,0.8622903975864562
FAM178B,0.8098255962172655
FAM184A,0.8916639287138224
FAM186A,0.8873553684530063
FAM189A1,0.878162119722323
FAM189A2,0.8596136895676576
FAM198B,0.8521288086291416
FAM19A1,0.8526932981011611
FAM19A2,0.8707818273328725
FAM20A,0.7258567341276052
FAM213A,0.8693976848624257
FAM214A,0.8736144332686108
FAM222A,0.8677700352899579
FAM3A,0.8634570042515962
FAM43A,0.8028568068876366
FAM46C,0.8850612325664978
FAM46D,0.8861106096892982
FAM57B,0.9268638781804933
FAM65B,0.8130894911938887
FAM66A,0.9094490636668887
FAM83B,0.8635326021198642
FAM83H-AS1,0.8779369284744222
FAM86C1,0.8869413296678157
FAM89A,0.87434536042592
FANCG,0.8760141984309718
FANCI,0.8694122915837104
FANCL,0.8669106998361815
FANK1,0.8929734700891703
FAR2,0.8735556904664802
FARS2,0.7944200842687729
FAS,0.8933324475189977
FASN,0.8651271993344845
FAT4,0.627649571872784
FAXC,0.8755506129764714
FBL,0.7783458534194856
FBLN1,0.8791003785789523
FBLN7,0.8783579596613025
FBN1,0.8756937162370477
FBXL15,0.8831698830831617
FBXL17,0.8683439658371931
FBXL20,0.8679061175768679
FBXL21,0.7929830131173681
FBXL4,0.8861041078026
FBXW7,0.8626509549523094
FBXW9,0.8601622402047475
FER,0.8555153716171531
FER1L6,0.7996283477069
FERD3L,0.12015511030127364
FERMT3,0.8687712397700947
FES,0.9082184812465597
FGD3,0.8890529357509908
FGF10,0.7744358972721836
FGF12,0.8753242209816594
FGF14,0.8953554298680726
FGF14-AS2,0.9090879230432566
FGF18,0.9048747655993031
FGF9,0.8906371564865571
FGFBP1,0.8551862216248145
FGFRL1,0.9020878838666617
FGL1,0.8339542980702929
FHOD3,0.8884677873519992
FIBCD1,0.879452121302342
FILIP1L,0.8767839654627447
FIZ1,0.8578719084901788
FKBP7,0.8945096233823944
FLI1,0.8223104135995241
FLJ16171,0.8588453833577756
FLJ21408,0.8368566068734312
FLJ23867,0.8589916086316356
FLJ40288,0.7334441405113749
FLJ41278,0.9162484549130266
FLJ42393,0.8363399766869205
FLNC,0.8498708193165859
FLRT2,0.8085925862293577
FLRT3,0.8621679559642267
FLT1,0.8640020017318722
FLT3LG,0.837536071601381
FLVCR2,0.8680286981161422
FMN1,0.8994826268883287
FMN2,0.8914299534308878
FMNL1,0.884852964872705
FMR1,0.7114003683759006
FN1,0.824832229065626
FNDC1,0.7605470829375595
FNDC5,0.856648421008543
FNDC7,0.8655418551354745
FNIP1,0.8676239128124641
FNIP2,0.8820709332313574
FOLH1B,0.902023762750008
FOSL1,0.8713739035703405
FOXA1,0.8845701928987711
FOXA2,0.7336392415712271
FOXI3,0.8933722521380818
FOXJ3,0.8751011258669932
FOXO3,0.8457860536899917
FOXO6,0.8501033916842147
FOXP2,0.8736891974804224
FOXP4,0.8857907399423892
FOXP4-AS1,0.9006959928937963
FPGT-TNNI3K,0.9035334498177353
FREM1,0.8713781854683587
FREM2,0.8748055706498082
FREM3,0.9224967566106309
FRK,0.8776839737455161
FRMD3,0.8880393641940055
FRMD4A,0.8754067798088451
FRMD4B,0.8653269196945714
FRMD5,0.803813367559425
FRMD6,0.6224522945965234
FRMD6-AS1,0.9086576864736096
FRMD7,0.9242206648472958
FRMPD1,0.8615686301849195
FRMPD2,0.9062383799685186
FRMPD4,0.860306624906103
FRY,0.8783658924359516
FRZB,0.9125366708791353
FSCN1,0.8693400038840657
FSCN2,0.912946365360767
FSHR,0.853522589616922
FST,0.8884365026259244
FSTL4,0.8766255568112472
FSTL5,0.8246966237198305
FTH1P3,0.8922371690352948
FTO,0.8619144010675646
FUT1,0.83144666126252
FUT2,0.9033837138455985
FUT8,0.8733704904715738
FUT9,0.6974881107375719
FXYD7,0.8529722283545825
FYN,0.8699012847493092
FZD1,0.8674310043220181
FZD10,0.7746879237716062
FZD3,0.8825089382936117
FZD5,0.7004705555943868
G2E3,0.8714259148927443
GAB1,0.8699643948105836
GAB2,0.8687965002778976
GABARAP,0.6654721820334962
GABBR2,0.8541048846728931
GABRA1,0.8953529858307534
GABRA2,0.8032827027231046
GABRA4,0.8867170583399765
GABRB1,0.8844891345158765
GABRB2,0.9082288873566177
GABRD,0.8621392926327407
GABRE,0.8375535888466845
GABRG3,0.8693140551953993
GABRP,0.8049830397127962
GABRR2,0.8922339727926907
GAD1,0.9078333166768737
GAD2,0.8824682902289925
GADD45A,0.8875879369006817
GADD45B,0.8575317670115965
GADL1,0.8749288711418018
GAL3ST2,0.8668645979451393
GALNT13,0.8618895859361501
GALNT14,0.8649250770848603
GALNT18,0.8853387036406309
GALNT3,0.8667040395524903
GALNT5,0.8652433820833154
GALNT9,0.8919047060021634
GALNTL6,0.8657995550961329
GAREM1,0.8831018776899876
GAS1RR,0.8321506424248012
GAS2,0.8678200366359695
GAS6,0.8458625804953428
GAS7,0.8616022586474235
GATA2,0.8919681074086742
GATA2-AS1,0.8550679942890933
GATA3,0.8446828433636157
GATA4,0.8438684582731307
GATA6,0.854023255936821
GATAD2A,0.858416810793058
GATM,0.8149036894322513
GBGT1,0.8500000890447414
GBP1P1,0.8794830799716434
GBX2,0.8848704446394202
GDA,0.8792807427219574
GDAP1,0.8631341015785917
GDF15,0.8979726138401521
GDNF,0.8332860042712815
GDNF-AS1,0.8606365262113589
GDPD5,0.8853423018134305
GFPT1,0.8667679048145995
GFRA1,0.90566180016638
GFRA2,0.8119144768126489
GGTA1P,0.9077737783296214
GHET1,0.9078548852402198
GHR,0.8758121633132495
GIF,0.8946542082426112
GJB7,0.8920486507776318
GLCCI1,0.8567608692510345
GLDC,0.864151497373831
GLDN,0.9216866104194027
GLI3,0.8745724308112759
GLI4,0.9068748120634054
GLIS1,0.869302439205532
GLIS3,0.8721774817462788
GLRA1,0.8641823322269964
GLRA2,0.8626811087872405
GLRA3,0.8761053982727682
GLRB,0.9091015730758837
GLT1D1,0.8602138850396243
GLUD1P3,0.8202348125880605
GLYATL2,0.8888488056351052
GMDS-AS1,0.8727780289652378
GMPR,0.7775538697959001
GNA12,0.8665230515211554
GNA14,0.8388862904410455
GNAI1,0.8810569412086531
GNAL,0.8835797216097767
GNAT3,0.7546435508933083
GNB3,0.8945311082900126
GNB4,0.8543382837467978
GNG11,0.8547910627435659
GNG12,0.8668537550949247
GNG12-AS1,0.8668856705805867
GNG8,0.8915445559606635
GNL3,0.8632529434032489
GNPTAB,0.870726691531872
GP1BA,0.8782388695268472
GPBP1L1,0.8700016617044706
GPC5,0.8588445702388802
GPD1L,0.8636491772410025
GPD2,0.8731306481962704
GPM6A,0.8876870535401801
GPNMB,0.923776794463239
GPR137C,0.8826655053216889
GPR141,0.8501719521100621
GPR146,0.8993521977228173
GPR158,0.8784133487559315
GPR162,0.868770831032849
GPR20,0.8623827365052377
GPR3,0.8649193854871126
GPR35,0.8061582650327491
GPR37,0.8852290665388473
GPR39,0.8603898782649674
GPR50,0.8723443197290655
GPR55,0.8356434855995204
GPR75-ASB3,0.8821277317122748
GPR87,0.905329404153961
GPRC6A,0.8901311191615446
GPRIN3,0.8830757407280334
GPSM3,0.8939910521007799
GPX2,0.8549020333063757
GPX3,0.8893813922462743
GPX4,0.8765457623478015
GPX7,0.8835535587438758
GRAMD1B,0.8863271346439099
GRB10,0.863551143814689
GREB1L,0.8046873458351234
GREM1,0.8718283704854366
GREM2,0.8676091241822944
GRHL1,0.8768959545878457
GRHL2,0.8707271263931727
GRHL3,0.865024888019618
GRIA1,0.840552279466067
GRIA2,0.9366813351009343
GRIA3,0.8663070679280839
GRIA4,0.8989904409489062
GRIK1,0.8728566944741846
GRIK2,0.8823807255882872
GRIK3,0.879112455366935
GRIK4,0.8692737034001564
GRIN2A,0.870997981382708
GRIN2B,0.8466426998768796
GRIN3A,0.8459723858888747
GRK4,0.9122276265783092
GRK5,0.8760819094330858
GRK7,0.8739157604449069
GRM1,0.8948418834572247
GRM2,0.8883723748406596
GRM3,0.6054119630419761
GRM5,0.880410884953754
GRM7,0.8882492299887487
GRM7-AS3,0.8513248169125973
GRM8,0.8811932960244684
GS1-124K5.4,0.8389227572260158
GSN,0.8782244299119916
GSTM2,0.29007120463741415
GSTM3,0.8516459265060201
GTDC1,0.8628561410205083
GTF2H2B,0.8796222116568766
GTF2IP12,0.9088716444025038
GTF2IP7,0.8915760618176789
GTF2IRD1,0.7587503439877231
GTF2IRD2,0.1816912335963545
GTF2IRD2B,0.8550692798084476
GUCY1A2,0.876309457989215
GUCY1A3,0.7693370770333948
GUCY2F,0.9389946206298185
GUSBP3,0.9077179977529721
GUSBP4,0.8641073539764669
GUSBP9,0.8538268863994988
GYPC,0.8670111257958274
GYS2,0.8808479827102151
H19,0.7896207866853469
H1F0,0.8878774972216423
H1FX-AS1,0.8718058129300165
H2AFY,0.8638599231771341
H2AFY2,0.8604013164311971
HAPLN1,0.788297732631406
HAPLN4,0.8973149527686834
HAS2,0.8346688783315741
HAVCR1,0.8083670295160705
HCG16,0.9004663305591168
HCLS1,0.873387274572491
HCN1,0.8654264844757439
HDAC4,0.8608799802094843
HDAC8,0.8719340321392849
HDAC9,0.863837024739439
HDX,0.8714552517584486
HEATR1,0.8632043427202349
HECTD2-AS1,0.8412966084864124
HECW1,0.8713787666626209
HECW2,0.8709667964257325
HEG1,0.8655458979262379
HENMT1,0.8658822046467408
HEPH,0.884680884050788
HEPHL1,0.8978719701426002
HES1,0.8633688629431132
HEY1,0.8106004121681408
HEYL,0.8446802270209371
HGF,0.9080752500471038
HGSNAT,0.8451215917946467
HHAT,0.846810423313052
HHEX,0.865977576733228
HHIP,0.8906302950386074
HHIPL2,0.8228403555220558
HHLA1,0.8267311743205121
HIPK2,0.8665827129498532
HIST1H1A,0.7015340468162596
HIST1H2AB,0.8812261440143386
HIST1H2AC,0.8718008464442177
HIST1H2AE,0.8580770741615308
HIST1H2AG,0.8534084475687118
HIST1H2AH,0.854404919086601
HIST1H2AI,0.6850827390423823
HIST1H2AJ,0.8540304412665519
HIST1H2AK,0.8758855363529783
HIST1H2AL,0.8705691536848814
HIST1H2BB,0.8877244708645766
HIST1H2BC,0.6129575283109867
HIST1H2BD,0.7520671583825304
HIST1H2BF,0.7134222997052204
HIST1H2BH,0.7533595294174515
HIST1H2BI,0.8723726776929603
HIST1H2BJ,0.8640382201908319
HIST1H2BK,0.880687686412969
HIST1H2BL,0.8681393204170598
HIST1H2BN,0.8803229570602575
HIST1H2BO,0.5568345166010228
HIST1H3A,0.8816241240349263
HIST1H3C,0.8658012058901082
HIST1H3D,0.7920815767751676
HIST1H3E,0.8703307665348633
HIST1H3F,0.8660698693390341
HIST1H3G,0.8701850000421623
HIST1H3H,0.8826835509198336
HIST1H3I,0.8691040868646872
HIST1H3J,0.8654985772096534
HIST1H4B,0.9014555638176551
HIST1H4D,0.8688008483148807
HIST1H4F,0.8909278352784198
HIST1H4H,0.7126548924479248
HIST1H4I,0.5725908273945942
HIST1H4J,0.879120809443517
HIST1H4K,0.5940351273178908
HIST1H4L,0.8540046979339754
HIST2H2AB,0.88312460814767
HIST2H2BE,0.8653222582153024
HIST2H2BF,0.8818240795410612
HIST2H3D,0.8864420608753977
HIST3H2A,0.8809881731231712
HIST3H2BB,0.87011088302626
HIST4H4,0.6381097786620803
HIVEP1,0.8748841936330267
HIVEP2,0.8581981055411041
HIVEP3,0.8775033745351961
HLA-DPA1,0.885389933358771
HMCN1,0.6451480526506932
HMX1,0.8269764708988298
HNF4A,0.8314100514590207
HNF4G,0.8238015215855882
HNMT,0.8647046880435832
HNRNPAB,0.7952787243062158
HNRNPH2,0.8636337907580316
HNRNPUL2-BSCL2,0.8789137693310675
HOOK3,0.8579875537574755
HOPX,0.7561935357898725
HOXA3,0.7879656890453384
HOXB-AS3,0.9514020631940059
HOXB3,0.805495121286018
HOXB8,0.938439165545765
HOXC4,0.7855339485599835
HOXC6,0.859261736551926
HOXC8,0.8761136996409619
HOXC9,0.8193661017386631
HOXD3,0.6926813745485704
HOXD4,0.8068533879891268
HP08777,0.8642981001682554
HP09053,0.8309120505219572
HP1BP3,0.8700098112835446
HPCAL1,0.8440650416218667
HPGD,0.8190995757848101
HPGDS,0.8342246178410542
HPSE2,0.9110919629122012
HRAT56,0.832696062782871
HS3ST1,0.8662716675965981
HS3ST3A1,0.8693297316850516
HS6ST2,0.8605839903668928
HS6ST3,0.8401868958239959
HSBP1,0.8606577334095693
HSD17B10,0.8767798355378245
HSD17B13,0.8855204876271034
HSD17B3,0.8615152272314954
HSD17B8,0.8381393808152924
HSD3B7,0.8094259492697436
HSH2D,0.8499215335591431
HSP90B2P,0.9084905764885609
HSPB1,0.8728242858653699
HSPB2,0.8922535541746255
HSPBAP1,0.8881969554120585
HTR1E,0.8397433156369309
HTR1F,0.8831639281046286
HTR2C,0.858698904565131
HTR7,0.8692623126700989
HTRA1,0.8797520760647222
HYAL3,0.8663536686439588
HYDIN,0.897966602063632
ICE1,0.8667571949486959
ID1,0.8627520937466047
ID2,0.8708315853248609
ID3,0.8286296744401632
ID4,0.8535375327490148
IDH1-AS1,0.8250612863199518
IDNK,0.8271207865672686
IDO2,0.8972013781284214
IDS2,0.902079793177775
IDUA,0.8849938483999644
IER3,0.8340014348941237
IFI16,0.8705406144424176
IFI6,0.853381675732214
IFIT5,0.852936020321068
IFITM1,0.8650074234598849
IGDCC3,0.8631404367807057
IGF1,0.8577320963938614
IGF2,0.7717858053693258
IGFBP3,0.8908486765233804
IGFBP5,0.9043439700734732
IGFBP7,0.7908551680859373
IGFBPL1,0.8996128038444993
IGSF11,0.8901361198535152
IKZF1,0.8850004465443152
IKZF2,0.8856542404105624
IL10RB,0.8944847849278552
IL12A-AS1,0.8788452172353621
IL15,0.8138237489054408
IL17RD,0.8812669594362877
IL1R1,0.7774321472724774
IL1RAPL1,0.8548423507274043
IL1RAPL2,0.85546621498462
IL21-AS1,0.9090922046987087
IL23A,0.8349105520751291
IL32,0.8492091215134819
IL34,0.8648895127397144
IL6ST,0.8591434547700155
ILDR1,0.9008586881841905
ILDR2,0.8818936698913074
ILF2,0.8583051225228392
IMPG1,0.8553899371277284
IMPG2,0.857192891547669
INE1,0.8624736416473698
INPP4B,0.8107526411889395
INPP5F,0.8650121994699973
INSC,0.8251487212379511
INTS4P1,0.9481731808607798
INTS6,0.8643282999853317
INTS6-AS1,0.813116030069192
INVS,0.862473053826291
IP6K3,0.9221909112723623
IPCEF1,0.9145339391825391
IQCH,0.8859421651560726
IQGAP2,0.7836401099528508
IRF7,0.9150408052483034
IRGM,0.9037890578240663
ISG15,0.8641187195971745
ISG20,0.8641085698097941
ISL1,0.8566361438663509
ISM1,0.8710695541184292
ISPD,0.8648159566897557
ISX-AS1,0.9096628327713768
ITCH,0.8666049500545866
ITFG1,0.8655687422244949
ITGA1,0.8607937063746258
ITGA11,0.8491239163789777
ITGA2,0.5245811252025667
ITGA3,0.8785776151345137
ITGA5,0.8080634248000285
ITGA8,0.8223434486148634
ITGAM,0.8781020082462699
ITGAV,0.859283717571782
ITGB6,0.8795905716977942
ITGB8,0.8537780151939686
ITGBL1,0.8855051795733163
ITM2A,0.4728964479783184
ITPK1,0.876844573358812
ITPKB,0.8580094181543967
ITPR1,0.8437977306555671
ITPR2,0.854782499209551
IVNS1ABP,0.8666732543516907
IWS1,0.8744456741989354
IZUMO1,0.9078006112329179
JADE3,0.8644663525814795
JAG2,0.8814383396969411
JAKMIP2,0.8641979099472972
JAKMIP3,0.8450658920502996
JARID2-AS1,0.8987722886204534
JAZF1,0.8451449455756114
JMJD4,0.8855481448673058
JPH1,0.8789962843723885
JPH2,0.8326418906912638
KALRN,0.8624590495381281
KANK1,0.8693879049103215
KANK4,0.9265990274585668
KAT2B,0.8827166270909618
KAT6A,0.865613410903092
KCNB2,0.870689021888402
KCND1,0.9099962659303362
KCND3,0.8915879612369008
KCNE3,0.8952106721820118
KCNE5,0.7529552676073906
KCNG2,0.876522778207116
KCNH1,0.8305181855922571
KCNH2,0.9118599812632026
KCNH4,0.9274578402449333
KCNH5,0.8378935299635566
KCNH7,0.8746087123642328
KCNH8,0.8510002434618608
KCNIP1,0.869989571665906
KCNIP4,0.7441992720124435
KCNIP4-IT1,0.8926497564055519
KCNJ2,0.7900730777655112
KCNJ3,0.7799655737255049
KCNJ5,0.7580430108015482
KCNJ8,0.8642138765324376
KCNK10,0.910775698680512
KCNK12,0.8906865500862695
KCNK13,0.8767146484688724
KCNK2,0.8885572096919203
KCNK9,0.8398221569845338
KCNMA1,0.8644397119090533
KCNMB2,0.9000266154239668
KCNMB4,0.8803969465980988
KCNN2,0.7501929491535099
KCNQ1,0.8686855872199694
KCNQ3,0.8623047952847035
KCNQ5,0.8654290406955479
KCP,0.8392918172816418
KCTD1,0.871263067722226
KCTD16,0.8568550910379935
KCTD19,0.86924413306851
KCTD4,0.9134288573447121
KCTD8,0.8747313049491303
KDM2A,0.8732574172794977
KDM4C,0.847550666670492
KDM6B,0.8833314317185695
KDR,0.8483738320145408
KHDRBS3,0.8503773597742738
KIAA0319L,0.8699606820432286
KIAA0368,0.8715795500124491
KIAA1161,0.8339893368476065
KIAA1211,0.8738572478595197
KIAA1211L,0.8122839035743227
KIAA1324,0.8564023049679513
KIAA1328,0.8750788902302351
KIAA1456,0.847745827178634
KIAA1462,0.8103252948029507
KIAA1468,0.8782033711295917
KIAA1644,0.8689392041342622
KIAA2012,0.8664843362419342
KIAA2022,0.9128403158935762
KIF1A,0.8727856726266806
KIF26B,0.8077889938151208
KIF2A,0.8611351515975824
KIF5C,0.8704785843735657
KIRREL,0.863413660832978
KIRREL2,0.8158843200153855
KIRREL3,0.8732002520422509
KITLG,0.8837535561622474
KLC1,0.7228882373914998
KLC3,0.9042765626028872
KLF1,0.8867528074071432
KLF17,0.8886013660935046
KLF3,0.8603457921335297
KLF5,0.885312971324435
KLF6,0.8571952559661731
KLF7,0.7346744189387338
KLF8,0.8595055799842761
KLHDC1,0.8989700065002506
KLHDC9,0.9460702742251843
KLHL1,0.8801552948555875
KLHL14,0.9029070525178232
KLHL17,0.8373816661786665
KLHL29,0.8543247857029702
KLHL32,0.8701479311045088
KLHL4,0.877011943705178
KLHL41,0.9124309441530832
KLHL8,0.8865549325788561
KLKB1,0.8648841742145031
KLRD1,0.8944305444550743
KNTC1,0.8674508384435958
KPNA3,0.8591933207537068
KPNA7,0.881139710737469
KRT18,0.8549772858368886
KRT19,0.8579194126494902
KRT222,0.8337268849689675
KRT8,0.8558710304138213
KSR1,0.8723689617562467
KYNU,0.8949963672874093
LAG3,0.8511068271394652
LAMA1,0.8726200455711859
LAMA2,0.8509391228688923
LAMA3,0.8864586016732051
LAMA4,0.8928141053528735
LAMB1,0.7879687791079122
LAMC2,0.8778752017181237
LAMTOR5-AS1,0.9197501170498564
LANCL1-AS1,0.8213669536673427
LANCL3,0.9271745331259452
LARP4B,0.8644308142276678
LCMT1-AS1,0.8588321878594604
LCOR,0.8693089409755925
LCORL,0.8057345454463658
LCP1,0.8614117143639662
LCT,0.9003927389487291
LDAH,0.8658480870933306
LDB3,0.8895823367525607
LDHA,0.8601443377803548
LDHC,0.9016423380475426
LDLRAD4,0.8467798138118888
LEF1,0.8817048517541948
LEFTY2,0.8539938900965726
LEKR1,0.8985891464120974
LEMD1,0.9092264300302202
LEPR,0.8695759286334177
LEXM,0.8734572430983384
LFNG,0.8794141995507309
LGALS1,0.8453687996664564
LGALS9,0.8372117423529688
LGI1,0.8851715501996571
LGR5,0.84279770071827
LGSN,0.9147529738338279
LHFP,0.8520335513918483
LHFPL1,0.9043350592367213
LHFPL3,0.8931352815777686
LHX1,0.7961558622412048
LHX2,0.9351091882784179
LHX5,0.9448163724790335
LHX5-AS1,0.9127409360168669
LHX8,0.9354191689257384
LIFR-AS1,0.9394255791692372
LILRB3,0.8654323365751164
LIMA1,0.8838414558609682
LIMCH1,0.8508515153740404
LIMS1,0.8705268905087201
LIMS2,0.8628620121181306
LIN7A,0.8726118310788467
LINC-ROR,0.8605041089856154
LINC00113,0.7675127840916115
LINC00152,0.8136118073917066
LINC00238,0.8536615689486224
LINC00243,0.8809137223835507
LINC00261,0.7867215862675605
LINC00271,0.8994722861268358
LINC00276,0.9000033403728711
LINC00278,0.8132983313644789
LINC00290,0.9158514304230733
LINC00299,0.9137136451888745
LINC00309,0.8985627383993263
LINC00311,0.7838887003240876
LINC00331,0.7247125506166444
LINC00348,0.6268913449130662
LINC00379,0.875201169934615
LINC00383,0.762689275671155
LINC00403,0.8725706205110247
LINC00428,0.790707707650756
LINC00437,0.879559463057463
LINC00446,0.7982282619441564
LINC00458,0.739853158201395
LINC00461,0.8728852022944461
LINC00467,0.8987935398736393
LINC00470,0.8781705563911366
LINC00472,0.8895143501404261
LINC00486,0.8847024827001114
LINC00491,0.8701149500152725
LINC00504,0.8757573324470957
LINC00526,0.8445232997768874
LINC00534,0.8252752256174622
LINC00535,0.8861635509159503
LINC00536,0.8307620285327916
LINC00562,0.8124408654963655
LINC00571,0.7824311930210399
LINC00578,0.8735529524074346
LINC00587,0.9006958881980561
LINC00607,0.8968329582582011
LINC00609,0.8892828363024593
LINC00623,0.8529088100077827
LINC00632,0.8926851778686478
LINC00639,0.8766437254787849
LINC00640,0.9164998147895682
LINC00645,0.8439196597800814
LINC00648,0.8896684679118096
LINC00663,0.9091445602244674
LINC00673,0.8392157097470463
LINC00693,0.8916272789690464
LINC00824,0.8165253838635714
LINC00836,0.8988131424431731
LINC00847,0.8112724271047017
LINC00869,0.8564016971643648
LINC00871,0.7984787221202129
LINC00886,0.8085631559444042
LINC00907,0.8516776818066835
LINC00922,0.8605418499496782
LINC00936,0.772307964198083
LINC00963,0.8555672771379871
LINC00970,0.8221574950843173
LINC00989,0.8570142226560052
LINC01021,0.872744949875757
LINC01031,0.9346839228443942
LINC01057,0.8674954027091548
LINC01060,0.8755161201090026
LINC01088,0.911175154154158
LINC01091,0.8391583232213505
LINC01098,0.8893760125491137
LINC01107,0.9086856952526551
LINC01108,0.832639465659114
LINC01122,0.8786965315273824
LINC01125,0.8682847013882296
LINC01134,0.815907327731686
LINC01140,0.9037520560417017
LINC01162,0.8773905418085849
LINC01170,0.8674575035865251
LINC01182,0.8178118089998393
LINC01192,0.8999994924099934
LINC01205,0.9066594354948031
LINC01206,0.8864740211497594
LINC01232,0.8315931062803235
LINC01234,0.8884352033019502
LINC01239,0.8535858972841995
LINC01249,0.8744698669007447
LINC01250,0.7985828345469016
LINC01252,0.890456078299075
LINC01258,0.902989782559162
LINC01266,0.7295063655248648
LINC01278,0.8775203899738538
LINC01310,0.8590586145041852
LINC01317,0.8778658626157874
LINC01320,0.7947848737739416
LINC01322,0.9029234453788186
LINC01331,0.7936269080461698
LINC01338,0.9288149619651439
LINC01340,0.8620990215447458
LINC01347,0.929339385733106
LINC01356,0.8386813655126859
LINC01364,0.9211552741502668
LINC01376,0.875976713412407
LINC01389,0.8752829340326885
LINC01399,0.8851384335738268
LINC01411,0.9104611174880463
LINC01415,0.8927769949476277
LINC01424,0.8751487798709676
LINC01442,0.8770270652983874
LINC01456,0.8686895874533548
LINC01465,0.8997182798744862
LINC01470,0.8677634400746816
LINC01476,0.8855841545131209
LINC01478,0.8911769671296496
LINC01482,0.878899134384111
LINC01483,0.8781661094717549
LINC01499,0.9051410480749947
LINC01504,0.9170064232177216
LINC01507,0.9201039521933422
LINC01508,0.8474609088822106
LINC01515,0.8749404956909375
LINC01525,0.9478252433526861
LINC01567,0.942829180586151
LINC01569,0.8825398197710618
LINC01586,0.822469511401994
LINC01592,0.8442336310529427
LINC01594,0.8041290035776242
LINC01600,0.792800364406731
LINC01605,0.8911043065380709
LINC01609,0.9107426657224039
LINC01619,0.881920930751983
LINCR-0001,0.8408066229960945
LINCR-0002,0.9482396667803756
LIPJ,0.8612803877085541
LIX1,0.9305667806438203
LIX1L,0.8054192893882037
LL22NC03-86D4.1,0.8743371337238515
LMBR1,0.7915918300326775
LMCD1-AS1,0.8689241870292896
LMNTD1,0.9113263842452886
LMO1,0.9190453351771157
LMO2,0.9046290518360005
LMO3,0.8847410133343885
LMO7,0.8764427135014344
LMX1A,0.8876792526020408
LMX1B,0.8895630137098708
LNX1,0.888236037778295
LOC100128386,0.8556337168337996
LOC100128885,0.8762980514572236
LOC100128988,0.9126782977283686
LOC100129148,0.8622933753862196
LOC100129203,0.858238102170847
LOC100129724,0.8744796069968545
LOC100129931,0.8816789144486089
LOC100130207,0.8362744610354887
LOC100130370,0.8964429573068087
LOC100130705,0.9087871013827931
LOC100130876,0.8621727021837408
LOC100131655,0.9284712495520789
LOC100132057,0.8742891400588816
LOC100132356,0.9236978817727067
LOC100133669,0.8617927755657692
LOC100287015,0.8965144596024615
LOC100287225,0.8114456696277692
LOC100288637,0.8713407147512974
LOC100288798,0.863904295619941
LOC100335030,0.8922228732524637
LOC100505498,0.8676705771294615
LOC100505555,0.8695277501534581
LOC100505736,0.8608739406706046
LOC100505795,0.8467687444109319
LOC100505817,0.7968131660570711
LOC100505912,0.8849394629091692
LOC100505921,0.8683033051758037
LOC100505984,0.8787642815447015
LOC100506047,0.8790165739029951
LOC100506114,0.8482744189003647
LOC100506142,0.8979315592273783
LOC100506178,0.7581402930097523
LOC100506207,0.8719652251005509
LOC100506302,0.901452953726827
LOC100506403,0.8922310015531741
LOC100506472,0.82113974677257
LOC100506551,0.8894946992481109
LOC100506718,0.8077287253723077
LOC100506844,0.9043681454896043
LOC100506851,0.8826182873879511
LOC100506885,0.8162902116463405
LOC100506922,0.8913798536182507
LOC100507006,0.8651056732841572
LOC100507053,0.8839542617102513
LOC100507073,0.9167910488667023
LOC100507336,0.8500724097840495
LOC100507377,0.8835169561874507
LOC100507460,0.8825324591012478
LOC100507487,0.8465532096882555
LOC100507513,0.8640305355101419
LOC100507516,0.858579679974946
LOC100507616,0.8285941341150149
LOC100507661,0.9217356688782258
LOC100652758,0.8846414748696217
LOC100996419,0.7678718841989269
LOC100996442,0.8701623848839368
LOC100996447,0.8999766304132019
LOC100996679,0.8978972149651789
LOC100996694,0.826784763261803
LOC100996756,0.8753045213646032
LOC100996763,0.8788606540498095
LOC100996842,0.8843469720931486
LOC101926889,0.8570278548128779
LOC101926893,0.921800731039623
LOC101926933,0.9102357753028785
LOC101926941,0.8673432749460893
LOC101926942,0.9024518373644873
LOC101926953,0.856344909967699
LOC101926964,0.785057350551615
LOC101926967,0.8891946309082285
LOC101926975,0.8147514930896027
LOC101926977,0.8491707159440042
LOC101927012,0.9058083201591499
LOC101927026,0.8813396814496608
LOC101927040,0.8602732107276433
LOC101927073,0.8322227647472729
LOC101927080,0.9048974618906692
LOC101927108,0.8695664889085074
LOC101927118,0.8724225810689946
LOC101927156,0.8360171075729096
LOC101927182,0.7624892428138024
LOC101927196,0.9144055206523861
LOC101927200,0.8367903276852718
LOC101927244,0.8661676833326004
LOC101927252,0.873910220222376
LOC101927282,0.8270211240216163
LOC101927286,0.8949876328508881
LOC101927314,0.8872731496385983
LOC101927329,0.8892938483428472
LOC101927356,0.9095980506125697
LOC101927359,0.8900764514212945
LOC101927391,0.8245454437731633
LOC101927412,0.7933271225977429
LOC101927420,0.9122558335144719
LOC101927421,0.9031968374012399
LOC101927437,0.8347212734829279
LOC101927450,0.9345700368189283
LOC101927468,0.8633087531614336
LOC101927479,0.8942498501801223
LOC101927483,0.8457239499756407
LOC101927497,0.8231128512361239
LOC101927502,0.8670558720532416
LOC101927509,0.8949096989666173
LOC101927549,0.9425373543415579
LOC101927580,0.832443484862144
LOC101927587,0.9204050809116406
LOC101927588,0.924807330191362
LOC101927604,0.8775122990313412
LOC101927605,0.8535339146279045
LOC101927647,0.8699084263882929
LOC101927650,0.8044708431844528
LOC101927687,0.9096553423329374
LOC101927708,0.855876257751726
LOC101927711,0.8632525570887288
LOC101927729,0.8846395719905703
LOC101927745,0.9030683871347246
LOC101927768,0.8818028556284867
LOC101927809,0.9100205805439265
LOC101927815,0.8369598171626527
LOC101927837,0.8983007428972632
LOC101927849,0.8039875843185939
LOC101927863,0.8971597554823424
LOC101927865,0.8913483363805212
LOC101927915,0.8660327824549656
LOC101927947,0.8892008140522055
LOC101927960,0.8664198670973544
LOC101927963,0.843968106123328
LOC101927967,0.8510983937735088
LOC101927971,0.8781105491147275
LOC101927973,0.7080494108638283
LOC101928012,0.8379046774110791
LOC101928020,0.8828736949246188
LOC101928042,0.8319917155741203
LOC101928069,0.7886293190048165
LOC101928076,0.7537450416790469
LOC101928096,0.8741614020314576
LOC101928103,0.8750408329905505
LOC101928114,0.89973643984805
LOC101928135,0.9147228693742567
LOC101928137,0.8669420499656967
LOC101928152,0.8696694526275572
LOC101928196,0.7868948641479147
LOC101928202,0.9206784433538893
LOC101928230,0.8596498226378098
LOC101928254,0.8888205834487096
LOC101928278,0.8967367474135077
LOC101928283,0.8344004531277679
LOC101928295,0.8887551679016967
LOC101928351,0.8781464370565809
LOC101928354,0.8579954615499664
LOC101928362,0.8801547685745722
LOC101928371,0.8701079070527862
LOC101928386,0.9079796035622355
LOC101928387,0.8981297663084843
LOC101928433,0.83215978787683
LOC101928437,0.8806239939842746
LOC101928438,0.8667926116400976
LOC101928441,0.841173561010487
LOC101928462,0.8475915591930797
LOC101928509,0.8172309527164094
LOC101928516,0.8474928437518862
LOC101928565,0.8831456371668596
LOC101928570,0.8710442217693379
LOC101928583,0.9021542228935944
LOC101928595,0.8747064470851047
LOC101928625,0.9057782942727027
LOC101928635,0.8792142740823835
LOC101928762,0.8911950376778741
LOC101928765,0.8590346946389269
LOC101928782,0.7979545483853175
LOC101928819,0.8688782234851872
LOC101928856,0.830124296319191
LOC101928896,0.9044162147297861
LOC101928911,0.8061311991317599
LOC101928912,0.9083369329557175
LOC101928923,0.8770822863753833
LOC101928961,0.8922742167353027
LOC101928978,0.8717556160082944
LOC101928979,0.9055605744098191
LOC101929006,0.8808210757918467
LOC101929028,0.8862927022594869
LOC101929043,0.8497181354154437
LOC101929077,0.893578048476476
LOC101929095,0.8654358747132855
LOC101929147,0.8677799902701843
LOC101929151,0.9172140906695491
LOC101929162,0.9429132801808429
LOC101929188,0.8464251214690183
LOC101929194,0.8440161992721393
LOC101929200,0.8768638149316552
LOC101929204,0.8479616654360802
LOC101929231,0.8835985118860838
LOC101929248,0.8300858652106045
LOC101929256,0.8278084861229036
LOC101929268,0.881484277303061
LOC101929309,0.919769277666697
LOC101929425,0.8376688675120854
LOC101929426,0.8507916567518449
LOC101929468,0.884354330001703
LOC101929485,0.8509972733603761
LOC101929494,0.8724127918989723
LOC101929507,0.9275263834300421
LOC101929534,0.8522807731352767
LOC101929551,0.8308487339048163
LOC101929563,0.8750529655580324
LOC101929628,0.8473259883561135
LOC101929643,0.8710949341365639
LOC101929653,0.8223199970434597
LOC101929679,0.8750126909610789
LOC101929710,0.8587675110907425
LOC101929732,0.8088972008866034
LOC101929762,0.8178287037097441
LOC101929770,0.9026019763821248
LOC101929902,0.8534155279101368
LOC101929918,0.8490455909922061
LOC101929963,0.9157950428494578
LOC101929988,0.8680262807360236
LOC101930048,0.8170615222598927
LOC101930112,0.9197822754099078
LOC101930275,0.8561204803607484
LOC101930307,0.9019029054748635
LOC102467213,0.8286317727485191
LOC102467224,0.8762847055288484
LOC102723323,0.8768655620964919
LOC102723331,0.8844773814743822
LOC102723341,0.8691244586812992
LOC102723370,0.8656176490172154
LOC102723409,0.8484061506274637
LOC102723415,0.924640424223623
LOC102723436,0.8613667947502618
LOC102723444,0.9075431936127792
LOC102723468,0.8506039633793927
LOC102723471,0.880869160869019
LOC102723493,0.8548713771346894
LOC102723539,0.9423786938914044
LOC102723568,0.8702617712230156
LOC102723638,0.7593465019352652
LOC102723648,0.9031173662031551
LOC102723654,0.8782100222779249
LOC102723656,0.8613561524806219
LOC102723699,0.8706401466956281
LOC102723704,0.8893979240918864
LOC102723724,0.8282692561304892
LOC102723733,0.8537922101427101
LOC102723809,0.8734890923417904
LOC102723828,0.8736552001934331
LOC102723870,0.8602240278753474
LOC102723906,0.8987626258942485
LOC102724001,0.8810404821657872
LOC102724008,0.8772579893921459
LOC102724015,0.9265961368716882
LOC102724036,0.8425986437346827
LOC102724039,0.8951162455880739
LOC102724050,0.8343632496561483
LOC102724068,0.19872547420711445
LOC102724078,0.8520314985529668
LOC102724081,0.8716626045249616
LOC102724084,0.8766817723449916
LOC102724087,0.786518457710617
LOC102724146,0.8589338832465365
LOC102724165,0.8723997056265154
LOC102724208,0.8804437186838646
LOC102724210,0.7150239632504164
LOC102724227,0.8800529637694787
LOC102724233,0.8598699458789524
LOC102724340,0.9076758573914998
LOC102724392,0.8930039597771887
LOC102724397,0.8208285905362649
LOC102724404,0.8425363310405937
LOC102724416,0.8819468579069992
LOC102724419,0.6822914730643073
LOC102724482,0.90469101503682
LOC102724530,0.8792186341318305
LOC102724542,0.7870040207534222
LOC102724571,0.8488765456051216
LOC102724579,0.904992179675704
LOC102724623,0.8987436660078958
LOC102724637,0.8443322216770797
LOC102724682,0.8489990173148382
LOC102724687,0.8867617378163777
LOC102724699,0.8783292994332804
LOC102724701,0.8826958578266664
LOC102724708,0.9009995539109544
LOC102724748,0.849460701995847
LOC102724761,0.8778260707951384
LOC102724780,0.9033363460011111
LOC102724814,0.8441101041227482
LOC102724845,0.888231954740198
LOC102724858,0.8413553742419457
LOC102724861,0.8805278278198476
LOC102724919,0.7889330360449014
LOC102724957,0.9092930421911917
LOC102725082,0.9078030420033831
LOC102725191,0.8389072737184123
LOC102725227,0.9093576986758288
LOC102725238,0.8684932455488719
LOC102800447,0.8859372313221129
LOC105274304,0.9055416878582363
LOC105369147,0.8523527151107282
LOC105369165,0.8765126889504923
LOC105369168,0.8530741215503158
LOC105369213,0.9132740815111913
LOC105369309,0.8664619931390743
LOC105369349,0.8739382814333274
LOC105369364,0.8877822139200283
LOC105369380,0.8618662316541273
LOC105369403,0.8342350834723528
LOC105369427,0.8405851377155581
LOC105369436,0.8328342200888873
LOC105369438,0.8434396317827147
LOC105369464,0.8464143225093415
LOC105369512,0.8077621248410383
LOC105369608,0.8696501415104996
LOC105369612,0.8823253390058546
LOC105369617,0.8607967042414905
LOC105369625,0.8046513883243487
LOC105369669,0.8036496488308125
LOC105369677,0.8123442449773668
LOC105369699,0.8505866114575298
LOC105369715,0.7932815735356733
LOC105369779,0.8640362969379138
LOC105369791,0.8337982819479434
LOC105369803,0.8472955810633884
LOC105369813,0.8452282942425197
LOC105369827,0.886195394094951
LOC105369838,0.7854733588255475
LOC105369850,0.9085406169724338
LOC105369851,0.8831798226429668
LOC105369864,0.8716968094675419
LOC105369873,0.841531275245246
LOC105369876,0.8817580809692207
LOC105369878,0.9321744735092196
LOC105369890,0.9012031683679447
LOC105369896,0.9054211712623907
LOC105369912,0.8809103293834509
LOC105369927,0.8582995619761223
LOC105369928,0.8908534031060626
LOC105369944,0.8943627747691968
LOC105369958,0.8122491244642229
LOC105369971,0.8546705057274832
LOC105369972,0.8696974252631468
LOC105370019,0.9219012144821183
LOC105370027,0.8985114698906486
LOC105370047,0.9061292889290349
LOC105370108,0.8624516850546297
LOC105370109,0.8637332183873875
LOC105370113,0.8506074630700228
LOC105370119,0.8098902721309356
LOC105370125,0.8701261927493378
LOC105370177,0.7581424605346384
LOC105370198,0.8339659022692695
LOC105370213,0.8982134444789004
LOC105370214,0.824130088151405
LOC105370221,0.8790035323740596
LOC105370224,0.8686773557276717
LOC105370283,0.8592933938646513
LOC105370286,0.8773440548843475
LOC105370302,0.7470779201777087
LOC105370322,0.8660746736202485
LOC105370324,0.7729577371547306
LOC105370327,0.8576013468841991
LOC105370335,0.9324361902041398
LOC105370359,0.8680649078760283
LOC105370363,0.8826897864924225
LOC105370377,0.8178683902689776
LOC105370463,0.8527567022024765
LOC105370464,0.8847817039206721
LOC105370467,0.8531432011063067
LOC105370469,0.8385987943828968
LOC105370476,0.8827678096290829
LOC105370482,0.843735825533153
LOC105370504,0.8668486844182892
LOC105370507,0.8220622701151118
LOC105370556,0.885756688297384
LOC105370571,0.8268674873906866
LOC105370575,0.9100372457047549
LOC105370582,0.8659562931982878
LOC105370588,0.864179205559996
LOC105370604,0.8038243575428747
LOC105370610,0.875628112242556
LOC105370624,0.8385283969480792
LOC105370646,0.9125876166478386
LOC105370658,0.8564677826708618
LOC105370687,0.954174575445862
LOC105370731,0.8551072599910111
LOC105370732,0.8630697868947732
LOC105370737,0.8837082526407085
LOC105370764,0.8649476191593531
LOC105370777,0.8565773442148685
LOC105370803,0.8792125325879436
LOC105370826,0.892673502916506
LOC105370831,0.9341463723959974
LOC105370846,0.8981984304801764
LOC105370848,0.9013303547200802
LOC105370861,0.8199209310549407
LOC105370941,0.8674284772747447
LOC105370982,0.8880508696373991
LOC105371036,0.870323509229434
LOC105371058,0.8798501787024616
LOC105371070,0.80686610675861
LOC105371082,0.9014715516444006
LOC105371114,0.8884820413014632
LOC105371161,0.8620852293088217
LOC105371228,0.8991475621699045
LOC105371295,0.9067845294653092
LOC105371303,0.9124582640776264
LOC105371308,0.9068779712836276
LOC105371354,0.8625410512851356
LOC105371356,0.9116302466293115
LOC105371378,0.9018628822900363
LOC105371393,0.8458242407055475
LOC105371416,0.9129640504312416
LOC105371441,0.9131781906777979
LOC105371455,0.9220977852098626
LOC105371480,0.8270915532999631
LOC105371508,0.8483790373897372
LOC105371521,0.7728040554444581
LOC105371531,0.8647990664392903
LOC105371554,0.8852405435788965
LOC105371586,0.8394006093226835
LOC105371632,0.8619651877599444
LOC105371657,0.8737316416899527
LOC105371671,0.8764870891056662
LOC105371684,0.9255879754551009
LOC105371731,0.8745213468349483
LOC105371735,0.8728609261468819
LOC105371753,0.9268674206195928
LOC105371809,0.8665441490960026
LOC105371873,0.8927472221119405
LOC105371877,0.8826707214542433
LOC105371953,0.8725452476333291
LOC105371967,0.8776573099183953
LOC105371998,0.8913265614939204
LOC105372030,0.8915993085198098
LOC105372031,0.9280415272243276
LOC105372037,0.8154349162345493
LOC105372044,0.8453905859229316
LOC105372066,0.7582255731375585
LOC105372091,0.8847223581133782
LOC105372093,0.9218404078043908
LOC105372106,0.849163131250855
LOC105372114,0.9385711401583039
LOC105372115,0.8686756840615671
LOC105372117,0.8642200983885912
LOC105372121,0.8429246380001375
LOC105372146,0.9154878001588354
LOC105372160,0.879509427294873
LOC105372211,0.8806454477208044
LOC105372252,0.85700085484118
LOC105372269,0.8816382233587893
LOC105372308,0.8855611565945637
LOC105372311,0.8735131616567117
LOC105372315,0.8498364851661685
LOC105372316,0.863215815860065
LOC105372318,0.8616867356928612
LOC105372335,0.8952172791449726
LOC105372394,0.8581522171590578
LOC105372411,0.9202281011714353
LOC105372432,0.8715818403158437
LOC105372458,0.8608854020118102
LOC105372462,0.8998686824525365
LOC105372505,0.9250409539923216
LOC105372529,0.8791935970728426
LOC105372532,0.8465819079016346
LOC105372539,0.7791948155120788
LOC105372572,0.8508380028752652
LOC105372618,0.8855514566068575
LOC105372624,0.850269974774147
LOC105372631,0.8993575485871326
LOC105372649,0.8302664457496928
LOC105372664,0.9158085808555615
LOC105372666,0.9085240204728108
LOC105372816,0.8659068036918036
LOC105372835,0.8022189410941793
LOC105372892,0.8702365164602678
LOC105372932,0.8648516103880453
LOC105372950,0.8304594468564663
LOC105372989,0.9229764152740565
LOC105373021,0.9034697626488415
LOC105373058,0.895489227522772
LOC105373137,0.8977436577383717
LOC105373143,0.8302553472398319
LOC105373150,0.8569526489538629
LOC105373153,0.8393907852228273
LOC105373158,0.8590873424205532
LOC105373184,0.8038277364916023
LOC105373187,0.8555492391910455
LOC105373202,0.8071915856962907
LOC105373218,0.9462881557004462
LOC105373234,0.9205473879328449
LOC105373273,0.8195610128570712
LOC105373284,0.8806725138159559
LOC105373292,0.9192991302181117
LOC105373300,0.9301841437939131
LOC105373302,0.8672016247379899
LOC105373314,0.9039675880456705
LOC105373315,0.916332194137188
LOC105373320,0.8883484489241098
LOC105373347,0.7839917334952639
LOC105373367,0.9070394657665387
LOC105373370,0.9354364177775909
LOC105373408,0.8735088609851045
LOC105373429,0.8833487047836046
LOC105373436,0.91483477004249
LOC105373454,0.8315888841646533
LOC105373455,0.8459839559008386
LOC105373456,0.8620120245174552
LOC105373460,0.9103813544895382
LOC105373463,0.8884809369268807
LOC105373480,0.8979001857895703
LOC105373578,0.8877871753936246
LOC105373579,0.8883354590998159
LOC105373581,0.7847825949836353
LOC105373592,0.9034563785835773
LOC105373606,0.897473667855257
LOC105373611,0.8885899724505606
LOC105373627,0.8171701852117661
LOC105373637,0.8983954249606156
LOC105373667,0.8259964493254475
LOC105373691,0.8406021840681822
LOC105373693,0.8066647999573214
LOC105373696,0.7615502978042659
LOC105373703,0.8700282245166444
LOC105373712,0.695841419692363
LOC105373714,0.9025103730815199
LOC105373730,0.8755032184398982
LOC105373736,0.8501050187990736
LOC105373760,0.8999438279024813
LOC105373777,0.6832006499109373
LOC105373785,0.8833177326034508
LOC105373788,0.8857434454331381
LOC105373804,0.7316779317924
LOC105373813,0.8313594745161593
LOC105373815,0.8537141226294115
LOC105373831,0.8212585708410296
LOC105373891,0.8882599877996105
LOC105373893,0.8817281290646397
LOC105373899,0.8923195718832421
LOC105373900,0.8719280495626526
LOC105373904,0.907642331133541
LOC105373994,0.8671147519585983
LOC105373997,0.6914244771768245
LOC105373999,0.887116362186108
LOC105374007,0.767601799695743
LOC105374009,0.9158647769921257
LOC105374013,0.6500189614907913
LOC105374016,0.8051411032944414
LOC105374020,0.874466485959121
LOC105374029,0.8690488818033869
LOC105374037,0.8779361822234832
LOC105374039,0.8112963475716876
LOC105374041,0.2273323972978892
LOC105374056,0.8520547299698432
LOC105374057,0.8711398066724367
LOC105374060,0.8291935227627376
LOC105374086,0.8351401865126846
LOC105374121,0.923915542583614
LOC105374140,0.8845028032230702
LOC105374145,0.7632077828405537
LOC105374152,0.8262643912219313
LOC105374164,0.8464368276631686
LOC105374165,0.9061570300828714
LOC105374166,0.7974868490523385
LOC105374189,0.7339462729646393
LOC105374191,0.8815669202085696
LOC105374211,0.8353148581090484
LOC105374220,0.6455632654982318
LOC105374224,0.7898858012891691
LOC105374229,0.8131210094225299
LOC105374264,0.8467268049387615
LOC105374287,0.9026658906630779
LOC105374313,0.9216346533274001
LOC105374322,0.8970092843534947
LOC105374337,0.86556603330334
LOC105374340,0.8428868456789672
LOC105374418,0.9212307873350527
LOC105374419,0.8180297553915573
LOC105374428,0.8934250953706011
LOC105374459,0.8714360009010339
LOC105374464,0.7507050515422116
LOC105374466,0.8930114885600606
LOC105374488,0.8699785039560728
LOC105374493,0.8745807218718153
LOC105374497,0.9417348351324737
LOC105374505,0.8209953634428863
LOC105374510,0.8321326472528975
LOC105374524,0.8734778321387878
LOC105374528,0.8362271605563865
LOC105374536,0.8617685629690851
LOC105374557,0.8937944463326191
LOC105374591,0.9009644750507592
LOC105374593,0.8462326075539853
LOC105374594,0.8567756472300014
LOC105374614,0.8983612011641289
LOC105374655,0.828499504837678
LOC105374656,0.8375520476349251
LOC105374657,0.8512923194904968
LOC105374658,0.8465213178093547
LOC105374664,0.9079157012053772
LOC105374674,0.884976500711012
LOC105374693,0.8358412877216543
LOC105374694,0.8604607952687501
LOC105374709,0.9519842287307796
LOC105374773,0.9326241563333222
LOC105374775,0.9053640126365761
LOC105374786,0.9268382833546914
LOC105374794,0.8579953919525295
LOC105374800,0.9337782116934604
LOC105374813,0.9112834875667757
LOC105374827,0.8374932965591434
LOC105374833,0.9172829105228533
LOC105374898,0.8770233518905103
LOC105374910,0.8515311307836254
LOC105374945,0.8527634859871563
LOC105374957,0.8676530971622188
LOC105374959,0.8358847431564558
LOC105374960,0.8748805207041044
LOC105374971,0.8379039251688098
LOC105374973,0.8286000733100249
LOC105374976,0.8545546974869231
LOC105375001,0.881605818471588
LOC105375106,0.8769362841597136
LOC105375120,0.8409201510909909
LOC105375124,0.8568707268454516
LOC105375132,0.870328982049434
LOC105375153,0.8539314995286128
LOC105375158,0.8414890319116399
LOC105375179,0.9064163449189354
LOC105375180,0.8260423722508873
LOC105375181,0.8721335286574199
LOC105375187,0.900470431574093
LOC105375199,0.8638161456929874
LOC105375208,0.9300980312843633
LOC105375218,0.9216833396091314
LOC105375254,0.8448285023967544
LOC105375260,0.896959567157804
LOC105375261,0.838459387560724
LOC105375304,0.9604388083445059
LOC105375334,0.8589040497535982
LOC105375386,0.865740644168384
LOC105375404,0.8939043289713606
LOC105375405,0.8754600189545132
LOC105375423,0.8899140374270935
LOC105375448,0.9000085511643942
LOC105375451,0.8628616544139792
LOC105375457,0.8593225132166381
LOC105375463,0.855814848729071
LOC105375470,0.9279390956293792
LOC105375490,0.8947720851165641
LOC105375501,0.8194017674682148
LOC105375508,0.831605554621093
LOC105375523,0.8696185944317104
LOC105375624,0.8156379058081278
LOC105375626,0.9115017543386762
LOC105375633,0.8742085360353535
LOC105375704,0.8550007277355282
LOC105375706,0.8707081574937994
LOC105375710,0.8554588372617383
LOC105375716,0.8678698841493016
LOC105375721,0.8770411133073478
LOC105375725,0.8356268670819812
LOC105375734,0.9185330428479604
LOC105375746,0.8501928986947952
LOC105375760,0.8499861961290943
LOC105375805,0.910078940759825
LOC105375815,0.8305949326152107
LOC105375818,0.8674144130027357
LOC105375821,0.8381648337121677
LOC105375864,0.939030351281417
LOC105375873,0.9405770287099535
LOC105375905,0.8672558123225204
LOC105375911,0.8722684489276179
LOC105375914,0.828042768053053
LOC105375928,0.9076561671485744
LOC105375931,0.7888349586293857
LOC105375936,0.9073142265512322
LOC105375951,0.9148999646972906
LOC105376010,0.8856275096914452
LOC105376014,0.8349507655712956
LOC105376033,0.8622584801408082
LOC105376035,0.8703158607830924
LOC105376037,0.8493960621237636
LOC105376107,0.8673140406864288
LOC105376113,0.8421290133737522
LOC105376114,0.15242438810708764
LOC105376147,0.9044190058495081
LOC105376195,0.8717031525819573
LOC105376214,0.8703733371666498
LOC105376219,0.8514031309849693
LOC105376235,0.8216720722957624
LOC105376244,0.9449217496376705
LOC105376257,0.8417475020866213
LOC105376290,0.9271833904989294
LOC105376384,0.9204133279361217
LOC105376387,0.8966591518599294
LOC105376392,0.7952912954588328
LOC105376402,0.8510047885853433
LOC105376411,0.8820617909830255
LOC105376442,0.8732223239409258
LOC105376486,0.900342212393067
LOC105376509,0.859496520757222
LOC105376533,0.8502106456746823
LOC105376541,0.7955519677291855
LOC105376569,0.904166818653797
LOC105376575,0.878607010455452
LOC105376584,0.8716506601574913
LOC105376603,0.8331009617212689
LOC105376605,0.8640354498260293
LOC105376634,0.8931400236779266
LOC105376650,0.9315370542188617
LOC105376684,0.8791116528237707
LOC105376755,0.8539214435580093
LOC105376794,0.8361699824315111
LOC105376805,0.8829687447806811
LOC105376815,0.9027343328964362
LOC105376892,0.7832622932018312
LOC105376942,0.9263215335721411
LOC105376945,0.8986220123960449
LOC105376958,0.8315493362833122
LOC105376960,0.8639469111214619
LOC105376981,0.8383273675635992
LOC105376982,0.8632347369835921
LOC105376987,0.7899160089973375
LOC105377002,0.8715748194499964
LOC105377007,0.8838671426256656
LOC105377021,0.874967444222204
LOC105377067,0.83709161141319
LOC105377086,0.7689544194483537
LOC105377087,0.7854015756514697
LOC105377094,0.8686982237870906
LOC105377095,0.861062232779649
LOC105377101,0.8073334914017076
LOC105377105,0.8780718880586478
LOC105377109,0.9126266736261409
LOC105377110,0.8830964165954523
LOC105377144,0.8599901247357291
LOC105377161,0.8825478193610921
LOC105377177,0.8563586007813316
LOC105377199,0.8411506114372189
LOC105377209,0.910019550132967
LOC105377212,0.7600433596387578
LOC105377227,0.8778268674630878
LOC105377230,0.8951429804798031
LOC105377261,0.8445767873883778
LOC105377271,0.8762717426632195
LOC105377283,0.8908262980414592
LOC105377284,0.9382383808987099
LOC105377290,0.8524670203869461
LOC105377291,0.8421429594255103
LOC105377329,0.8815705374103568
LOC105377338,0.8624852185394267
LOC105377343,0.8328149797710676
LOC105377348,0.8455831891194467
LOC105377369,0.828552227238485
LOC105377378,0.7668224879693322
LOC105377379,0.8604015275028533
LOC105377382,0.9028929213740101
LOC105377389,0.9128979350193142
LOC105377422,0.7517780938581394
LOC105377441,0.8666582898553877
LOC105377448,0.874629061436584
LOC105377453,0.8411470227619781
LOC105377462,0.8676836157675564
LOC105377485,0.9033313417880302
LOC105377509,0.8262757721965402
LOC105377512,0.8772777030943849
LOC105377540,0.8924574916702983
LOC105377547,0.7707757496100484
LOC105377548,0.838909717804442
LOC105377549,0.8157610617718316
LOC105377561,0.9045063805763245
LOC105377564,0.8874571012021967
LOC105377567,0.8824258417681233
LOC105377568,0.9019478377356708
LOC105377572,0.8623592022088176
LOC105377609,0.8945380821016781
LOC105377621,0.872088931649391
LOC105377632,0.9023197439647648
LOC105377642,0.8896038278209599
LOC105377697,0.8890415836715191
LOC105377700,0.8829033857481557
LOC105377703,0.8863410425980682
LOC105377818,0.890756852854191
LOC105377860,0.8438437644855882
LOC105377861,0.8280892283798722
LOC105377862,0.8595436400676528
LOC105377865,0.8909624165452134
LOC105377871,0.8217583522244083
LOC105377876,0.8142204141246518
LOC105377899,0.8864166900578281
LOC105377901,0.8356594385320876
LOC105377911,0.9171866717661182
LOC105377918,0.9121350378837991
LOC105377929,0.8746438361301083
LOC105377945,0.8698591156580207
LOC105377959,0.905386205516309
LOC105377975,0.8241188799536657
LOC105377979,0.8904411333019464
LOC105377981,0.8541483797186481
LOC105377982,0.8791224037636127
LOC105377986,0.8759963888894237
LOC105377989,0.8775597591618962
LOC105378005,0.841274555676731
LOC105378008,0.9206357775214998
LOC105378027,0.8849230485157114
LOC105378031,0.8590223622989389
LOC105378061,0.8632941491613385
LOC105378071,0.8944319504854824
LOC105378093,0.8585704162791771
LOC105378120,0.8698770836632418
LOC105378126,0.8539970203102379
LOC105378147,0.8217689217012707
LOC105378178,0.8585758446513934
LOC105378189,0.9477725040286055
LOC105378218,0.9142849460256957
LOC105378268,0.9298808836802936
LOC105378305,0.8977499532442209
LOC105378308,0.8795427702722468
LOC105378314,0.8951530860335292
LOC105378334,0.858116565148066
LOC105378339,0.8331080603419394
LOC105378421,0.922623418734301
LOC105378425,0.8489576284542714
LOC105378448,0.8915877725992056
LOC105378477,0.7953980520387182
LOC105378486,0.8547208698705491
LOC105378512,0.8940274494720406
LOC105378515,0.9008904201269055
LOC105378516,0.8391432862845868
LOC105378519,0.8877060865820018
LOC105378531,0.8802509684787198
LOC105378657,0.8570450193040421
LOC105378685,0.9070479420351149
LOC105378687,0.8632971634470664
LOC105378691,0.8525157315864016
LOC105378701,0.8208991525753105
LOC105378715,0.9511270848971504
LOC105378763,0.856531131836516
LOC105378783,0.887514575821394
LOC105378785,0.8890686865774535
LOC105378796,0.928328799964097
LOC105378797,0.6517454430935256
LOC105378798,0.8553981671173931
LOC105378799,0.8730692293774953
LOC105378800,0.8015770707899007
LOC105378807,0.7885683745084915
LOC105378813,0.8489247785527492
LOC105378824,0.9338890165116451
LOC105378853,0.8951737242061767
LOC105378856,0.8712469707690986
LOC105378861,0.8399446986445678
LOC105378872,0.8198534429828115
LOC105378998,0.8975150571035675
LOC105379014,0.8475198613235102
LOC105379052,0.8324243059296986
LOC105379055,0.7831571566861416
LOC105379064,0.8886560930171846
LOC105379069,0.8535517134509264
LOC105379076,0.8791284027357649
LOC105379082,0.7654449809305153
LOC105379098,0.7276293832960589
LOC105379100,0.8566395184381046
LOC105379102,0.9121247372997239
LOC105379104,0.854561120185395
LOC105379107,0.9053320533767486
LOC105379109,0.7909301451528442
LOC105379110,0.8399281829269885
LOC105379132,0.8983799528835419
LOC105379137,0.842236970187625
LOC105379145,0.8669354487704171
LOC105379154,0.8733006035830125
LOC105379168,0.9147267809274999
LOC105379177,0.8887967046590604
LOC105379219,0.8722388443493009
LOC105379303,0.9272242525015654
LOC105379315,0.8934112639187182
LOC105379403,0.8623480166194963
LOC105379412,0.9100161848895033
LOC105379720,0.9030510844402442
LOC105379749,0.8981039005735663
LOC105379857,0.8780594645862703
LOC105747689,0.8887517397632019
LOC106660606,0.8705490920656442
LOC107983950,0.941083512187079
LOC107983953,0.8912703205974905
LOC107983962,0.8783707614372283
LOC107983971,0.8427274250696882
LOC107983974,0.8664681817572976
LOC107983976,0.9699696157822173
LOC107983979,0.8264865643394389
LOC107983981,0.8818683427953337
LOC107983984,0.8804963789986888
LOC107983998,0.9033397128809998
LOC107984002,0.8591972229144944
LOC107984023,0.8751864143160923
LOC107984035,0.8870510534483041
LOC107984041,0.8915891755141416
LOC107984079,0.9051445367248173
LOC107984104,0.8798320558354931
LOC107984117,0.8113168388694804
LOC107984125,0.9541468547251424
LOC107984128,0.853710523474911
LOC107984250,0.8719695584092015
LOC107984258,0.8915197647252505
LOC107984262,0.8668355111003828
LOC107984313,0.8606802740333083
LOC107984317,0.8965820721519743
LOC107984326,0.9002012485917381
LOC107984355,0.837533243810681
LOC107984361,0.8867353975009712
LOC107984376,0.9347306230348718
LOC107984384,0.8636012196287086
LOC107984390,0.9209635539309118
LOC107984402,0.9045351985486524
LOC107984416,0.9226527019342089
LOC107984421,0.8745889546628702
LOC107984427,0.9319947349603689
LOC107984428,0.8268606225761844
LOC107984449,0.8654770653133047
LOC107984459,0.9079056289456268
LOC107984461,0.8535015884210873
LOC107984505,0.9031566684342053
LOC107984525,0.8610844064863503
LOC107984526,0.8923740118303173
LOC107984530,0.7922991904395621
LOC107984535,0.9076388811557953
LOC107984543,0.9192090057607594
LOC107984565,0.8841624507348225
LOC107984568,0.8931997111635039
LOC107984589,0.7998217041314367
LOC107984597,0.8710200820782283
LOC107984599,0.8359449882763391
LOC107984622,0.7794926840383397
LOC107984625,0.8947034718931128
LOC107984631,0.9180385846255139
LOC107984659,0.8769341505473778
LOC107984671,0.8516111625016481
LOC107984701,0.8826788935777248
LOC107984713,0.880538594147831
LOC107984781,0.9147643320684995
LOC107984782,0.862481752803604
LOC107984787,0.8953496072577417
LOC107984799,0.8016036929456534
LOC107984841,0.8629865907933116
LOC107984865,0.8437133435781116
LOC107984875,0.872209102299383
LOC107984913,0.8675846286763056
LOC107984916,0.8742967630638411
LOC107984948,0.9140892665483752
LOC107984952,0.857750569527357
LOC107984960,0.8707836922887623
LOC107984965,0.6951704747833283
LOC107984974,0.9152447092940352
LOC107984987,0.8804077020479322
LOC107985002,0.9197114419687369
LOC107985003,0.8963039137416425
LOC107985014,0.7951683220953245
LOC107985021,0.9308030687494778
LOC107985037,0.8614448590888365
LOC107985057,0.8449065745376461
LOC107985064,0.8808583106141713
LOC107985070,0.8821804791805238
LOC107985147,0.846962936623221
LOC107985167,0.8571289853813352
LOC107985179,0.9114650844213403
LOC107985194,0.8739944840247695
LOC107985219,0.8773655745573253
LOC107985239,0.8759436794164742
LOC107985263,0.8618578076798818
LOC107985283,0.935609138876749
LOC107985289,0.8821368314843863
LOC107985325,0.8234980677026194
LOC107985334,0.9419347879002588
LOC107985335,0.9350255321792416
LOC107985363,0.8919939170843445
LOC107985374,0.8090101400948154
LOC107985381,0.8978406113605985
LOC107985388,0.8432155882394288
LOC107985400,0.8838955847698411
LOC107985446,0.9361510944074694
LOC107985484,0.883331222254447
LOC107985520,0.8869049973519165
LOC107985544,0.8436983123227584
LOC107985597,0.8888761706050466
LOC107985648,0.8362616941167242
LOC107985664,0.8717910000038167
LOC107985675,0.8650145182447562
LOC107985698,0.8696453707660142
LOC107985704,0.8784186218506693
LOC107985710,0.8576608481605535
LOC107985717,0.8899194258081321
LOC107985735,0.8988313226745116
LOC107985769,0.8874350798716097
LOC107985779,0.7806636023779179
LOC107985782,0.9516530668684665
LOC107985819,0.7288716839001699
LOC107985860,0.8258777925921086
LOC107985879,0.9518487345725297
LOC107985883,0.8616466333536608
LOC107985892,0.9055373597021387
LOC107985903,0.9417625425269606
LOC107985930,0.8060896255234892
LOC107985946,0.8909389739669829
LOC107985950,0.8888645462505901
LOC107985955,0.8902140982705244
LOC107985960,0.9013172441156014
LOC107985961,0.8748341813846683
LOC107985962,0.8631523462924474
LOC107985969,0.8848687913974934
LOC107985976,0.8538137055468842
LOC107985981,0.908777184548107
LOC107985996,0.8804469274531027
LOC107986000,0.9119464745335354
LOC107986012,0.8825155948514247
LOC107986021,0.8342081811992692
LOC107986022,0.8739596424621138
LOC107986028,0.8001503752763899
LOC107986059,0.8622381094182425
LOC107986068,0.8153050919583645
LOC107986086,0.8332482169436124
LOC107986094,0.8322035422227206
LOC107986098,0.8483721245907871
LOC107986133,0.8553890662458097
LOC107986139,0.8550752884496009
LOC107986143,0.8596885694591405
LOC107986157,0.7675830988747925
LOC107986178,0.8805248189088388
LOC107986182,0.8417465824232827
LOC107986190,0.8578224118736734
LOC107986194,0.7964241930583629
LOC107986195,0.880810732456028
LOC107986205,0.8749051842372819
LOC107986215,0.881892439475554
LOC107986254,0.8968831370755369
LOC107986263,0.8998098643001056
LOC107986291,0.9008514499731829
LOC107986294,0.8175955870817875
LOC107986303,0.8883469307472326
LOC107986306,0.8766486680081117
LOC107986308,0.9035695803234804
LOC107986324,0.8365600437019249
LOC107986354,0.7885827770049573
LOC107986363,0.8750566163936556
LOC107986390,0.9033401210767683
LOC107986402,0.8520414002868748
LOC107986405,0.8799093506887529
LOC107986425,0.8105396955326539
LOC107986426,0.8905542178490168
LOC107986429,0.8201835930459889
LOC107986449,0.8652825367985972
LOC107986454,0.8836725087234726
LOC107986465,0.8702629032642517
LOC107986476,0.8960548994287273
LOC107986488,0.9037602388827153
LOC107986522,0.8720033289352103
LOC107986523,0.9030334218634752
LOC107986556,0.8939061929593495
LOC107986563,0.8357627748184197
LOC107986570,0.864124788392406
LOC107986572,0.9145717748330409
LOC107986602,0.6715929671606595
LOC107986612,0.877209908869249
LOC107986616,0.865857732843246
LOC107986623,0.8284563432598426
LOC107986638,0.8685139496716766
LOC107986641,0.8644963486624142
LOC107986724,0.8536435964754102
LOC107986755,0.8762729195767841
LOC107986763,0.8344880483824569
LOC107986770,0.8634221021669543
LOC107986772,0.9129035837054564
LOC107986773,0.856643382407009
LOC107986774,0.8306686351226457
LOC107986779,0.7816498527323396
LOC107986785,0.8607732758984665
LOC107986797,0.8345959878276333
LOC107986825,0.8816112170889526
LOC107986930,0.8676871758536356
LOC107986931,0.893891729622747
LOC107986937,0.859727470805787
LOC107986938,0.8945635248219822
LOC107986945,0.8420391426664889
LOC107986961,0.8159633896420064
LOC107986978,0.8478491802007274
LOC107986980,0.8603768204045337
LOC107986985,0.8039348694516485
LOC107987011,0.9233264229030949
LOC107987015,0.8413139219906236
LOC107987043,0.8819545916868634
LOC107987057,0.8367212626370328
LOC107987078,0.9271150959119936
LOC107987079,0.9043711641750035
LOC107987083,0.8735339432677737
LOC107987087,0.8315767676774622
LOC107987090,0.8176727305650223
LOC107987095,0.8897170815593125
LOC107987108,0.8825454240825111
LOC107987122,0.8621658456231283
LOC107987127,0.9161910207619361
LOC107987128,0.8511512705851365
LOC107987166,0.856404481640597
LOC107987179,0.900875298105427
LOC107987183,0.8681339030854868
LOC107987234,0.8955071520392411
LOC107987247,0.9175101332134633
LOC107987280,0.8683079975098201
LOC107987282,0.9006895731747556
LOC107987295,0.8920970636266845
LOC107987296,0.8344268888873905
LOC107987332,0.8694340885102438
LOC107987344,0.8785620404433461
LOC114224,0.9347535455766744
LOC146880,0.8669262217727237
LOC150051,0.7420079199202705
LOC151760,0.8527923199992332
LOC155060,0.8823078717626843
LOC254896,0.74715411050697
LOC256880,0.8528141649008527
LOC283140,0.8807498394237803
LOC283299,0.8284186115619444
LOC284009,0.8615397481913458
LOC284294,0.869351148644149
LOC284577,0.8500424768829258
LOC284825,0.6963636290014787
LOC284930,0.8686098704557607
LOC285500,0.8674892127773894
LOC285692,0.8797044267275997
LOC285696,0.8909085790879374
LOC286083,0.9346393393468161
LOC339166,0.9152856324082497
LOC339260,0.9024979702944785
LOC339529,0.9053044778084908
LOC339666,0.8764406627544755
LOC339862,0.801372435429667
LOC339975,0.8861576412168951
LOC344967,0.8708789561329426
LOC349160,0.8669321451118023
LOC390937,0.905264738730737
LOC399815,0.8881280667810426
LOC400706,0.877640484053417
LOC400794,0.8841421231721691
LOC400927,0.8902659562969453
LOC401312,0.7996920293481316
LOC401478,0.8550067332576908
LOC440934,0.8570359458730767
LOC440982,0.9034668581637753
LOC441204,0.8526466909112609
LOC441666,0.8857039301301818
LOC554206,0.9050699510835442
LOC613037,0.8560328345329015
LOC643201,0.9079066628011926
LOC643542,0.8532718314387688
LOC643711,0.8784767740891588
LOC645485,0.8266708911039414
LOC646588,0.8465757682222086
LOC727896,0.8707962137221813
LOC727978,0.8220597562892542
LOC728339,0.8618853479048267
LOC728755,0.844041497886819
LOC729506,0.9087581164988981
LOC729603,0.8605397135156511
LOC729683,0.8657751434641795
LOC729739,0.728586642658966
LOC729987,0.872125328754812
LOC730100,0.7876508292229389
LOC730159,0.17796645464983005
LONRF2,0.9337640468049127
LOX,0.8971408234801976
LOXHD1,0.8530113148216164
LOXL2,0.8346819478457645
LOXL4,0.8882740702968164
LPAR1,0.8653339496192689
LPAR6,0.8620857487669675
LPIN1,0.868239919834875
LPL,0.7586585948490984
LRAT,0.9024821252095442
LRCH1,0.8542982725921454
LRFN2,0.9069746612025428
LRFN5,0.847983258361993
LRIG1,0.8685594189501075
LRIG3,0.8639762025790796
LRP1,0.8628480973243895
LRP1B,0.79871371732023
LRP2,0.8830760884304644
LRP4-AS1,0.8874517656825339
LRRC17,0.8941720869956862
LRRC37A8P,0.8735227815707556
LRRC3B,0.8688326603829206
LRRC43,0.897713461018079
LRRC4C,0.8602903248069244
LRRC55,0.8691040952015096
LRRC66,0.8858101990882806
LRRC7,0.7997617517225256
LRRC70,0.8564098651919688
LRRC75B,0.8838382871882652
LRRC8D,0.8642639822404684
LRRFIP1,0.8577814063339129
LRRIQ1,0.8941606131826135
LRRK1,0.872016644694582
LRRK2,0.8639418618151312
LRRN2,0.8799660236968317
LRRN3,0.9028994252558731
LRRN4,0.8870654295197713
LRWD1,0.8808665769084835
LSAMP-AS1,0.8542173187683675
LSM3,0.8601141226976419
LTBP1,0.8648525960786847
LTBP2,0.8040633082211144
LTBP3,0.8630683110867816
LTBR,0.8594321399786419
LUM,0.899492177861316
LURAP1L-AS1,0.9306034558345475
LUZP1,0.8704659136005612
LUZP2,0.8784020538118177
LVCAT5,0.8658262376501269
LVCAT8,0.9135906268119725
LVRN,0.8161263581549766
LY6H,0.8999527233129813
LY96,0.8537080238913237
LYNX1,0.904238606354569
LYPD6B,0.88116978549686
LYPLAL1,0.8694695487670128
LYPLAL1-AS1,0.8234298015498017
LYSMD2,0.8648137617339386
LYST,0.8687444344596322
MAB21L1,0.8462593969650811
MAB21L2,0.8331671701037571
MACROD2,0.8666609569384207
MAF,0.882787310264763
MAFB,0.9118555861300118
MAFF,0.8774423682315239
MAFK,0.8774793656827472
MAGEB17,0.889786231877469
MAGED2,0.8655415233809689
MAGI1-AS1,0.8942035042918505
MAGI2-AS3,0.824877174202712
MAGI3,0.8665893926415164
MAGOH,0.8688149553922242
MAK,0.8713717404656766
MAL,0.9173793369471251
MALRD1,0.8634671962069839
MAMDC2,0.6329085321513357
MAML3,0.8562108419083241
MAMLD1,0.8634246376818567
MAN1A1,0.8491369746012368
MAN1A2,0.8797834879574998
MAN1C1,0.8782903836207022
MANBA,0.882972220894281
MAP1A,0.8832930141745661
MAP2,0.887368984369572
MAP2K6,0.8799967193985975
MAP3K1,0.8691656631942718
MAP3K14-AS1,0.9111175617516954
MAP3K19,0.912302860297683
MAP3K4,0.7613491593818054
MAP3K7CL,0.9133227718040926
MAP6,0.8811003213465901
MAP7D1,0.8920754149096048
MAP7D2,0.868355181281681
MAPK10,0.8772260767142358
MAPK15,0.8706358061047161
MAPK4,0.8922268120931245
MAPRE1,0.7968943735020408
MARCH1,0.8691765754773698
MARCH11,0.8573141416278743
MARCH3,0.8591682779184587
MARCH4,0.8881903881115755
MARCKSL1,0.8649699170454258
MARK1,0.866566750925291
MARK3,0.8639623668842354
MAST4,0.862300629656996
MATN1,0.8679956051899199
MATN3,0.8147178150891934
MB21D2,0.8458583152395217
MBD6,0.8621621475600398
MBNL1,0.8793722159426417
MBNL2,0.838568697907677
MBNL3,0.868296241971935
MBOAT1,0.8685184606349514
MBOAT2,0.8688738837237149
MCC,0.8608201074767925
MCF2L,0.881578195419804
MCF2L2,0.8803062543481703
MCHR2-AS1,0.8820523256231848
MCM6,0.8054939988989144
MCOLN1,0.8683128065464352
MCTP1,0.8834135390718819
MDFIC,0.8573801038731103
MDGA1,0.9037832286158014
MDGA2,0.8628145430983791
MDM2,0.8696069647497071
ME1,0.8420306378450475
ME3,0.9017377785215525
MECOM,0.8824516712837697
MED12L,0.8765314644292155
MEF2A,0.8572729038858585
MEF2C,0.7629414407835489
MEF2C-AS1,0.8808996243069155
MEI4,0.8400196335051482
MEIS1,0.7966280922597714
MEIS2,0.5430313812815929
MEOX1,0.925559001936019
MEP1B,0.8924951252087885
MEST,0.8337929407985851
METTL15,0.8564706704162112
METTL24,0.8731750654041068
METTL7B,0.8513213144231208
MFAP3L,0.8651149580963262
MFAP4,0.8768355345165554
MFAP5,0.8737750155316294
MFNG,0.8649087955266085
MFSD2B,0.8924568036181614
MGAM,0.7988561146861243
MGC32805,0.9324699519925985
MGC57346-CRHR1,0.8691429194652487
MGLL,0.8432789288267767
MGMT,0.8704934226810825
MGRN1,0.8804235184488222
MGST1,0.8012705000676129
MIAT,0.800004953599056
MICAL2,0.8994360129922203
MICAL3,0.879882070799425
MICU3,0.8797693931225379
MID1,0.8592354603494838
MID2,0.8716356871206111
MIF-AS1,0.8531206499204023
MINCR,0.8950947064814814
MIPEPP3,0.881613646886392
MIPOL1,0.7958665737367366
MIR100HG,0.8781903142922807
MIR124-2HG,0.9101949795283898
MIR181A1HG,0.9123936910731373
MIR2052HG,0.8749067881324484
MIR205HG,0.8202589184934999
MIR210HG,0.8885937934916521
MIR302A,0.9250552591925021
MIR302C,0.9380285771041261
MIR31HG,0.8612708709995156
MIR325HG,0.8798713688009714
MIR34AHG,0.5526229826774948
MIR3681HG,0.8418446249894674
MIR3916,0.8265926457209747
MIR4300HG,0.7495824950822828
MIR4435-2HG,0.8067246115114851
MIR4458HG,0.8514749368284971
MIR4500HG,0.8762923634941456
MIR548XHG,0.8804105396712126
MIR762HG,0.8761154788481801
MIR99AHG,0.83139342094306
MISP,0.9492008343050425
MITF,0.8704219681467558
MIXL1,0.8284183891526811
MKL1,0.7125753407116134
MKL2,0.86224606524637
MKX,0.24922233420092177
MLIP,0.8925266615494277
MLLT3,0.8580015843578506
MLLT6,0.8876807729357037
MMD2,0.864982798496357
MME,0.8689172963846168
MMP16,0.8667796145620774
MMP2,0.8652900876491835
MMP25,0.9110423299003169
MMP9,0.8719459367853822
MMRN1,0.8822030365890625
MN1,0.8656429420753099
MOB3C,0.9116869105303614
MOCS3,0.8845804907239211
MOGAT1,0.8815403132775708
MORC2-AS1,0.9278540685610414
MOSPD3,0.9122330408912919
MPDZ,0.8740846648727638
MPP4,0.8737298852581429
MPPED2,0.8477222666057224
MPV17L2,0.8770271033072365
MPZ,0.8595499124456122
MROH9,0.880239535108008
MRPL2,0.8738690609170308
MRPL20,0.8839682617590465
MRPL3,0.8616562726123423
MRPL51,0.8701518073041714
MRPL52,0.8756714046384091
MRPS21,0.8711993253891033
MRPS28,0.7533297473674775
MRS2,0.8564108117254287
MS4A3,0.8894893490846303
MSC,0.7910811697474082
MSC-AS1,0.8250633684025895
MSGN1,0.8161232068423221
MSH4,0.882153408524851
MSL3,0.8799344885768782
MSMO1,0.8630750083384461
MSN,0.8654671245350637
MSRA,0.882121277472995
MSRB3,0.8637168146910399
MSTO2P,0.8870183724931804
MSX1,0.8572556803751012
MSX2,0.7831555578482419
MT1G,0.8792106736676645
MTAP,0.8670458557778301
MTCL1,0.8776421217584277
MTHFD1L,0.8542065715344037
MTMR11,0.7835411800578396
MTMR8,0.8767889515550673
MTNR1B,0.8897155772630213
MTSS1,0.8489431862276505
MTTP,0.8904494700951885
MTUS2,0.8917565421720973
MUC1,0.8877012591932487
MUC15,0.7962775895454974
MUC16,0.884388741342657
MUC19,0.861655147435688
MUC4,0.8632412066625891
MUC5B,0.9334446637430961
MUC6,0.8750286102769557
MUSK,0.8489872729215849
MX1,0.8218798327463895
MXRA8,0.8805533892193314
MYBBP1A,0.8787339141982349
MYCNOS,0.8815128452224402
MYCT1,0.9073287618770124
MYL4,0.9216572901569328
MYL5,0.8979413699174295
MYL7,0.8450502999724384
MYL9,0.8723680763782533
MYLK,0.8811115726212803
MYLK-AS1,0.9137589970373322
MYLK4,0.8676289418660477
MYLPF,0.9263989746124821
MYO15A,0.817764106388453
MYO16,0.8874481362749328
MYO1B,0.8632475047341759
MYO1D,0.8555211671789722
MYO1G,0.7356215177434839
MYO3A,0.867682576631492
MYO3B,0.88738502557873
MYO5B,0.8823175955599861
MYO6,0.8754593381344168
MYO9A,0.8664911067744175
MYO9B,0.8767723024282772
MYOCD,0.22715191126511558
MYOF,0.8114549946555172
MYOZ2,0.8961569234777131
MYRF,0.9064410719095447
MYRIP,0.877460882237929
MYSM1,0.8637333214459735
MYT1,0.8498374875882636
MYT1L,0.8755825927776988
N4BP2L1,0.8734540867802997
N4BP2L2,0.8697090817068378
N6AMT1,0.869938501846893
NAALAD2,0.8826738488242708
NAALADL1,0.8318454837386976
NAALADL2,0.8728504234245436
NABP1,0.8620304990994958
NACAP1,0.907080501654182
NAIP,0.834654142235372
NALCN,0.877127513659656
NALCN-AS1,0.801848303244108
NAPA,0.5754475800690843
NAV3,0.8855293724466714
NBAS,0.8648590699691467
NBPF14,0.8762160387593791
NBPF25P,0.8955579336638635
NBPF26,0.8554957811103088
NBPF9,0.870449699312291
NCALD,0.8490019687946454
NCAM1,0.8713023570771741
NCAM2,0.8830191521072851
NCAPD2,0.7483336742257907
NCAPG2,0.8704892954644362
NCKAP5,0.842826462451231
NCMAP,0.8935532510947913
NCOA1,0.8734679723696884
NCOA7,0.8504873948233225
NCR3LG1,0.88027727557612
NDRG1,0.8398693905996784
NDST3,0.8479334083365663
NDST4,0.8787723764080229
NDUFA3,0.8751851172716726
NDUFA4,0.8712736215719445
NDUFB4,0.688796098446322
NDUFS5,0.8650574306236227
NDUFS6,0.6735445024910762
NEAT1,0.8568369636875797
NEB,0.8735835535428595
NEBL,0.8827887517393627
NEDD9,0.544781197356553
NEFM,0.8947035614682473
NEGR1,0.8821777051867985
NEK10,0.8644669884750187
NEK5,0.8659843479283981
NEK7,0.8614799411325195
NELL1,0.8739882289051064
NELL2,0.8780260687422882
NEO1,0.8654332005196066
NES,0.8357082019667669
NETO1,0.8808181727515046
NETO2,0.8668740689663905
NEURL1,0.8291662360471601
NEXN,0.8522138302859391
NFASC,0.8961678819656562
NFAT5,0.8543807553279452
NFE2L1,0.7193789164896246
NFIA,0.8806174544067501
NFIB,0.7810839215880748
NFIX,0.8719244379330545
NFKB1,0.8749372818654926
NGF,0.8912777984418137
NGFR,0.91728826561592
NHLH2,0.8993485622359688
NHS,0.8598095367410188
NHSL2,0.8703379342990628
NIM1K,0.8916545265693485
NKAIN2,0.8576469173111909
NKAIN3,0.780817456209963
NKD1,0.8521802375566186
NLK,0.8581977040134522
NLRC3,0.8747566689690254
NLRP14,0.7682443841632279
NLRP2,0.8755292523583038
NLRP7,0.856565278058249
NLRP9,0.8953351642910022
NMBR,0.8221173609392497
NME5,0.8877169899472471
NME7,0.8582501212562972
NME8,0.8539993650598432
NMNAT2,0.8729578090134725
NMNAT3,0.8529742287708579
NNAT,0.8767634025065522
NOD1,0.8773723515954432
NOL4,0.8529736789443049
NOP56,0.7910344406957074
NOP9,0.9118076302957177
NOS1AP,0.8787565455456863
NOS2,0.8334179512288058
NOTCH2,0.8794069911610966
NOV,0.8854029283759149
NOVA1,0.8802489980137655
NOVA1-AS1,0.856315377812961
NOX4,0.8966633294102758
NPAS1,0.8982056713057157
NPAS2,0.8469920290126453
NPAS3,0.6681159254914194
NPAT,0.8801586043245364
NPFFR2,0.8982279617207606
NPHP3-AS1,0.8647077701429349
NPIPA1,0.8914680171226829
NPNT,0.8604507472226766
NPPA-AS1,0.8273632550343412
NPR1,0.855093112739881
NPR3,0.8451353556036023
NPSR1,0.8127723734228083
NPSR1-AS1,0.865990383185726
NPTX1,0.9124361247946402
NPY,0.8842190196827734
NPY5R,0.9190291629887244
NQO1,0.867511848947075
NR1I3,0.9284846237358586
NR2F1,0.8460260339025103
NR2F1-AS1,0.8557973758611724
NR2F2,0.8440594207422506
NR2F2-AS1,0.8480060132403288
NR3C1,0.8567768478189973
NR3C2,0.8818463475886875
NR4A1,0.876724487656308
NR4A3,0.9044389285601159
NR5A2,0.8337228276496078
NRBP1,0.876167573439876
NRCAM,0.8746919131516055
NRG1,0.8892884730316485
NRG2,0.8579641857715296
NRGN,0.8217741423495762
NRIP1,0.7281165501350054
NRIP2,0.826292359958823
NRK,0.8345976123720869
NRP1,0.8826700639090705
NRP2,0.8710475728503084
NRROS,0.843681674616163
NSRP1,0.8606109028258546
NSUN3,0.8781541493802211
NT5E,0.8945284075636503
NTF3,0.8890226360851393
NTN1,0.88821977925962
NTN4,0.8593456315180228
NTNG1,0.8674897382447825
NTRK3,0.8922935170966
NTS,0.7478145133628205
NTSR1,0.9117395997542951
NUAK1,0.8628680445823266
NUBPL,0.8784524228850105
NUDC,0.8647063281023806
NUP205,0.8686491800848579
NUP62CL,0.8429518440237499
NUTF2,0.760697082276652
NWD2,0.8906759324513934
NXPE2,0.8644159940287425
NXPH1,0.8892745974816865
NXPH2,0.8760595373129721
NXPH3,0.890074127293261
NYAP1,0.8848118213474
NYAP2,0.8796478942144375
OAF,0.862361299432083
OCA2,0.8323208438466996
OCEL1,0.8886407547774999
OCIAD1,0.7938034927472793
OCM,0.8479679826510788
OGFRL1,0.8768630659074619
OGT,0.8763541419860177
OLAH,0.8785954545506036
OLFM3,0.8794737589309299
OLFML1,0.8850428430143311
OLIG3,0.9186045939839607
ONECUT1,0.8873858895037025
ONECUT2,0.8737125683401176
OPHN1,0.8652648254205333
OPRK1,0.876565061089627
OR1B1,0.9417080927841824
OR1F1,0.8655063950264974
OR2L13,0.9035326367936659
OR51B5,0.26032374842984873
ORAI1,0.8370727552000978
OSBPL1A,0.7937553946555223
OSBPL9,0.8674443902592406
OSER1-AS1,0.8703167482354495
OSMR-AS1,0.8769413941389298
OTOG,0.8922197857991603
OTX2-AS1,0.9246537793812979
OVCH1,0.8120635851297063
OVCH2,0.8953605607659191
OVOS2,0.8323506150459025
OXR1,0.8566742242113058
P2RX1,0.8404912917043743
P2RY12,0.8947486743916835
P2RY13,0.9176155362794645
P2RY2,0.8934846243746687
P3H2,0.8397463664517437
PA2G4,0.8660873910884553
PABPN1,0.8649044098181307
PACRG,0.8935623764383055
PACS1,0.8753882651643659
PACSIN2,0.8687359152094697
PADI2,0.8824842277414575
PAFAH1B2,0.8599985076462257
PAG1,0.845261684032865
PAIP2,0.8662127054144407
PAK3,0.8834784739380852
PALLD,0.8524239004967354
PALMD,0.8698330519288252
PAM,0.8631890547662022
PAMR1,0.8910921151012224
PANK3,0.8755559842049889
PAPD4,0.8662126533232821
PAPLN,0.8877294853683222
PAPPA,0.866341345968917
PAPPA2,0.8530025583059204
PAQR4,0.8988418877570452
PARD3B,0.8689918243966516
PARD6A,0.8481036374742431
PARK2,0.8696922999100023
PARK7,0.8622954275505716
PARM1,0.8912027754775981
PARP8,0.8649358420084486
PARPBP,0.8785812687936408
PARVA,0.8455930004618412
PAX2,0.9109827757314826
PAX3,0.8703483500328998
PAX6,0.8989087579254168
PAX7,0.894802273773915
PAXIP1-AS2,0.8268007740674317
PBX2,0.881610709425035
PCA3,0.8380398535378909
PCAT14,0.8435951017777092
PCAT29,0.9023598236886814
PCBP2-OT1,0.9299816482303104
PCDH10,0.8274727971028709
PCDH11Y,0.8659623249776889
PCDH12,0.923692172821473
PCDH15,0.8704923935621877
PCDH17,0.8755215789535252
PCDH18,0.8881483013106164
PCDH19,0.8717618144108608
PCDH20,0.8952110009018224
PCDH9,0.8998993441415899
PCDHA1,0.9040900647955828
PCDHA10,0.9014947815493924
PCDHA2,0.8892235372095358
PCDHA3,0.8777339816439073
PCDHA9,0.8748195346095736
PCDHB12,0.8910515746993435
PCDHB15,0.8723010260474988
PCDHB16,0.8897224364228272
PCDHB2,0.8588774938006039
PCDHB4,0.9015698098884798
PCDHGA1,0.8216426310884813
PCDHGA12,0.8509484439651738
PCDHGA4,0.8371448870933459
PCDHGA5,0.8502505969293181
PCDHGA8,0.8969086090036662
PCDHGB2,0.8679539412573396
PCDHGB3,0.8539805694339377
PCDHGB4,0.8785917826125427
PCDHGB6,0.8671273350010462
PCDHGB8P,0.9366976562788946
PCDHGC4,0.7483241730006053
PCED1B,0.7934249127336636
PCGF5,0.8268841456376861
PCLO,0.8735437713674248
PCMTD1,0.8640294720463638
PCNP,0.8638410367356137
PCP4,0.8784648735297745
PCSK2,0.881930488971317
PCSK5,0.8522002017367762
PCSK6,0.8748246985067628
PCSK9,0.8431080630333837
PDAP1,0.7591281842832963
PDCD6IPP2,0.8854760758232034
PDCL2,0.9121725517618781
PDE10A,0.8560175189890978
PDE11A,0.8754643670877326
PDE1A,0.8862289136413214
PDE1B,0.923959632942797
PDE1C,0.8537208182465643
PDE2A,0.8683012137934784
PDE3A,0.8834496618128201
PDE3B,0.8662991921793993
PDE4B,0.9000371182990318
PDE4D,0.8545839503327681
PDE7B,0.7722954066677737
PDE8A,0.8766504398433677
PDGFB,0.7586717354598403
PDGFC,0.8819120369859557
PDGFD,0.8792093576509381
PDGFRA,0.8449843751477817
PDGFRB,0.8242334008645222
PDIA4,0.7983761778710037
PDK2,0.8822710232987397
PDLIM1,0.8721598651717949
PDLIM4,0.8635377427363
PDLIM5,0.864903497550242
PDSS2,0.8600642791071936
PDYN,0.8973211647868159
PDZD2,0.856479726516305
PDZD9,0.8201099508079619
PDZRN3,0.8763305585702046
PDZRN4,0.7864199185468786
PECAM1,0.9016427517507929
PEG10,0.8540842149829718
PELI2,0.7865933053442722
PEX11A,0.8591164296503762
PEX5L,0.8702114602174393
PFDN4,0.8709437435613706
PFKP,0.8688260259025604
PFN2,0.7266864877214009
PGAP1,0.8004164715024926
PGBD5,0.878355816471897
PGF,0.8677084771588517
PGLYRP1,0.8838528552042437
PGM5,0.8170212185357333
PGM5P2,0.866951324190855
PGR,0.8464361317664476
PHC2,0.8786949998563737
PHEX,0.8955225893617333
PHF24,0.9268371720548281
PHKB,0.8624909906423809
PHKG1,0.8849957393795864
PHLDB1,0.8838730896999186
PHLDB2,0.8615581870976055
PHPT1,0.8865433624668008
PI15,0.8643742102303321
PI4KAP1,0.8861443008693802
PIAS1,0.8624544499115355
PIAS2,0.8677394604778746
PICALM,0.7940202607434834
PID1,0.872044524653813
PIEZO2,0.8939372673282119
PIFO,0.9155352478866984
PIGH,0.815895736021958
PIGN,0.8791586136103245
PIGW,0.9053284739645082
PIGZ,0.8309859535359061
PIK3AP1,0.8608556162988006
PIK3C2G,0.8745583972972929
PIK3IP1,0.8686446305418656
PIK3R1,0.5737649369020219
PIK3R2,0.8964237396719558
PIK3R3,0.8798230384018275
PIK3R5,0.8629508369980166
PILRA,0.8669179618367676
PIN4P1,0.76272221345045
PIP4K2A,0.8768292559010442
PIP5K1B,0.8718604861467533
PITPNC1,0.8542322138464685
PITRM1-AS1,0.8492894605395056
PITX2,0.8530508986887682
PIWIL2,0.8618214272109143
PKD1L1,0.8498748425451111
PKD2,0.8674217580753537
PKD2L1,0.7978684456035684
PKDCC,0.9065017411679666
PKHD1,0.829211748777118
PKNOX1,0.8773339811415828
PKNOX2,0.8370374103919241
PKP1,0.9263067153318424
PKP2,0.8696338238112705
PLA2G2A,0.9081655676907109
PLA2G4A,0.8686486661410805
PLA2G6,0.8737964657780833
PLA2R1,0.8692317987744539
PLAC8,0.9081469616591054
PLAGL1,0.862107400516456
PLAT,0.8649183670663089
PLAU,0.8353756273669003
PLB1,0.8598799525346107
PLCB1,0.8673127413831007
PLCE1,0.8666174520621922
PLCG1-AS1,0.8841699709086484
PLCH2,0.90631949060589
PLCL1,0.8475414285422527
PLCL2,0.8799446491974244
PLCXD3,0.8896117662836442
PLD1,0.8739383865905258
PLD5,0.8819676692409937
PLEKHA6,0.8886266299186169
PLEKHA7,0.8705062184233502
PLEKHG1,0.8791286413736072
PLEKHG4B,0.8048150212559267
PLG,0.8230127398720506
PLK2,0.8503334012935089
PLP2,0.8504214357015738
PLPP3,0.8606667046745615
PLPP4,0.8117984662969319
PLPPR1,0.8891266794013596
PLPPR2,0.8782706470660031
PLPPR5,0.8556906827315551
PLSCR2,0.8177992678866511
PLSCR4,0.8037097270435608
PLVAP,0.7631699322397295
PLXNA2,0.516186243122111
PLXNA4,0.8780452855164337
PLXND1,0.8482916377790928
PMCH,0.9280023602144416
PMEL,0.8798728517471271
PMP22,0.7760437798730135
PNLDC1,0.8915020074709391
PNPLA7,0.9085763425570602
PNPO,0.8893466099241426
PODNL1,0.8951693584317629
POF1B,0.9275536419375248
POGZ,0.7996848031642855
POLR2A,0.7980876057846363
POLR3G,0.8771085096770269
POLR3GL,0.8576985618605024
POLRMT,0.4656978634190058
POMC,0.7942637741496312
POMP,0.8638269140759561
PON1,0.8327156022423505
POPDC2,0.8886877415025555
POSTN,0.8641530141254945
POT1-AS1,0.868415954957803
POTEI,0.8898751502311101
POU3F2,0.8330354316294822
POU3F4,0.9054766056058222
POU6F2,0.882745044767502
PP2D1,0.8804502589869304
PPARG,0.8868168138774465
PPARGC1A,0.8605449719408659
PPDPF,0.8815104834102492
PPEF1,0.9099136485848863
PPFIA2,0.892721323563854
PPFIBP1,0.5788776898432955
PPIB,0.5460323016078605
PPM1E,0.867649566286915
PPM1G,0.8557612068296548
PPM1H,0.8640183451103001
PPM1L,0.8605508816831294
PPME1,0.870863770228078
PPP1CA,0.8733129953217831
PPP1R12B,0.873411859468452
PPP1R13L,0.8620189997078714
PPP1R14C,0.8565605648977977
PPP1R16B,0.8541348697420805
PPP1R17,0.9133177794361966
PPP1R1A,0.8915038788775251
PPP1R3C,0.7941733342558879
PPP1R9B,0.824419572505546
PPP2CA,0.8780655014411669
PPP2R2A,0.8585009412693734
PPP2R3A,0.8743227112966075
PPP3CA,0.8544105085857298
PPP3CB-AS1,0.8761920673005201
PPP4R2,0.8622404753216673
PQLC2L,0.8513620084845658
PRADC1,0.8659424142792218
PRDM1,0.8981995391019273
PRDM16,0.8819111291394766
PRDM5,0.8711902883344664
PRELID2,0.8828743904969493
PREP,0.8664796693999721
PREX1,0.857576971244778
PREX2,0.7886962860472386
PRG4,0.9017874159289408
PRH1,0.8847561383655269
PRH1-TAS2R14,0.8962497842486203
PRICKLE1,0.8722894226089359
PRICKLE2,0.7788124753770783
PRICKLE2-AS1,0.88809076654628
PRICKLE3,0.8924590360110929
PRKAG2,0.8859314452915581
PRKCA,0.8616883700285102
PRKCE,0.8866008686701367
PRKCH,0.8783924623846364
PRKD1,0.8710138504978552
PRKG2,0.876979551789304
PRKXP1,0.8714612584982346
PRKY,0.8677803551316023
PRLR,0.8952728715896409
PRMT1,0.877198447037391
PROM1,0.8735160967688913
PROM2,0.853157459788807
PROX1,0.864798872281582
PRPF31,0.8765797617007292
PRPF40B,0.8917238528362812
PRR11,0.7483276885903141
PRR16,0.8593750762775825
PRRC2A,0.8636523865497165
PRRG3,0.9106966749902626
PRRX1,0.8723815173610974
PRSS12,0.88702369216212
PRSS22,0.8602507895836901
PRSS23,0.8547222509355277
PRSS3,0.8735615732929387
PRSS35,0.8804428528320465
PSAT1,0.8643227078191755
PSD2,0.8737802463573813
PSD4,0.8987388884658659
PSMC3,0.8757453802621348
PSMC4,0.8772215943364144
PSMC5,0.8594234948649081
PSMD14,0.8633468955379991
PSMG3-AS1,0.8883834102081462
PSTPIP2,0.8877296377790619
PTAFR,0.7933719008574197
PTCH1,0.8810519916527594
PTCHD1,0.8621176470054261
PTCHD1-AS,0.8452851548224057
PTCHD4,0.8705245502360148
PTEN,0.7740101057125471
PTF1A,0.7534962222663641
PTGER3,0.8665033467977953
PTGER4,0.8278055849005489
PTGR1,0.8632251543433308
PTK2B,0.8968957541314609
PTK7,0.8691605938102971
PTMS,0.8756862672832623
PTN,0.8822607503982959
PTOV1-AS2,0.8875598063661992
PTPN3,0.8803509102175697
PTPRB,0.8084205640885302
PTPRCAP,0.8976375151100912
PTPRE,0.8406140553812265
PTPRJ,0.8738037618143697
PTPRM,0.8304634522760562
PTPRN2,0.8557296889601127
PTPRO,0.910320361574184
PTPRR,0.8421703667728941
PTPRT,0.8731585154211167
PTRH1,0.9028156941748783
PTTG1,0.8720550398075907
PVRL3-AS1,0.8814054418467115
PXDC1,0.8806707570382235
PXDNL,0.882215144666609
PYGO1,0.8931474678894004
PYY,0.8745386683107145
QPRT,0.8690144886898534
QRFPR,0.9038718047087615
R3HDM2,0.7999981559856124
RAB17,0.8778898825370686
RAB19,0.896140948198906
RAB20,0.850867424128569
RAB27A,0.8260561847973814
RAB27B,0.9098625843277769
RAB28,0.8649282142328092
RAB31,0.8618819716970443
RAB32,0.8578560939037045
RAB33A,0.9148063636984742
RAB38,0.5868757438684339
RAB6A,0.871675914546497
RAC2,0.8703828780298781
RAD51AP2,0.899132810290916
RAI1,0.875465232974706
RALGAPA2,0.8748826625099763
RALGDS,0.8728162798764294
RALGPS2,0.8705498107478601
RALY-AS1,0.934967435162032
RALYL,0.8686223132058709
RAMP2,0.8727683307893371
RAMP3,0.8760358095088194
RANBP1,0.8626857580411548
RANBP3L,0.8811188235461264
RAP1GAP2,0.8660097015929331
RAP2C-AS1,0.8736226212811049
RAPGEF1,0.8675120148672728
RAPGEF5,0.8819358380571604
RARB,0.8833479090156631
RASA4,0.7781893438534152
RASEF,0.8785192990775905
RASGRF1,0.8747220624969503
RASGRF2,0.871359415766766
RASGRF2-AS1,0.8846785670799017
RASGRP1,0.8589795307967925
RASGRP3,0.8553469512726725
RASSF6,0.9303179161935533
RASSF8,0.8688375055754883
RASSF9,0.8262396876735136
RB1CC1,0.8708568412076325
RBBP8NL,0.8779123622544817
RBFOX3,0.8723584485227555
RBM11,0.8714115481200623
RBM20,0.8577584093222747
RBM24,0.7855290378828633
RBM47,0.8590021766481984
RBM5-AS1,0.8773559700731287
RBM8A,0.8621174839716372
RBMS3,0.8383382905285892
RBP1,0.8417740512210784
RBP7,0.9045277481468996
RCAN2,0.8857096240502116
RCN2,0.7331845446529461
RCOR1,0.8551152537269893
RCSD1,0.8510377473835836
REC114,0.8742439351142224
RECQL5,0.8751749124831559
RELL1,0.8635865660094008
RELN,0.8557117899828786
RENBP,0.8771708549766295
REPS1,0.7901429962630896
RERG,0.9050544567862311
REV3L,0.8627360246908338
RFTN1,0.8585993821813369
RFTN2,0.8500210112077654
RFX4,0.7699748837624112
RGAG4,0.7484396031979622
RGL1,0.8645605511052672
RGPD2,0.9066689765876196
RGS14,0.8683136587830699
RGS16,0.8339750826480494
RGS2,0.8884995393757982
RGS20,0.8906741640569871
RGS5,0.8681174078671318
RGS6,0.8701472116006688
RGS7,0.8740985316904883
RHBDL2,0.8904233446788777
RHBG,0.8632843744735651
RHCE,0.8804718326091665
RHOB,0.852643456071175
RHOBTB1,0.8709342962914687
RHOBTB3,0.772670892874314
RHOF,0.8689163274823495
RHOH,0.874929474003118
RHOJ,0.8250012439730999
RHOV,0.886855299756738
RIC1,0.7180208428449294
RICTOR,0.8687830111942415
RIMBP2,0.8879393283523209
RIMKLB,0.8638418149828252
RIMS1,0.8806273374743051
RIN2,0.8498064875573447
RING1,0.861361337094287
RIPPLY3,0.9273421849136688
RLN2,0.8357244990139336
RMRP,0.8900980088986314
RNASEL,0.8539366251493821
RNF112,0.8907977780610489
RNF13,0.8703315042187981
RNF144A-AS1,0.8503767740077252
RNF150,0.8728121460146901
RNF152,0.8894080444743528
RNF180,0.8522428282834462
RNF19A,0.8709798968605527
RNF207,0.8793444547989302
RNF212,0.8571453367509425
RNF212B,0.8852217532836879
RNF217,0.8636607991766931
RNF219-AS1,0.812208870445228
RNF24,0.8646701441990045
RNF43,0.8852654015399024
RNFT1,0.8698893244551329
RNLS,0.8868450561220571
RNPS1,0.7464126808437912
RNU1-1,0.9388502937374212
RNU5A-1,0.9169741832364705
RNU5F-1,0.8998059063168469
RNVU1-6,0.9322374122118945
RNY1,0.8452104754343809
RNY3,0.887882347335713
ROCK2,0.8007400871991754
ROMO1,0.8704493484910505
ROR2,0.8493210033037112
RORB,0.9079984472486534
RP9P,0.8288698744386249
RPL22,0.7467559977169833
RPL23AP53,0.8866822998825346
RPL23AP82,0.8998505176131562
RPN2,0.8699914209648663
RPP25L,0.8755655136219754
RPRML,0.8136134928954213
RPS18P9,0.8970106449676161
RPS25,0.8649713929676676
RPS26,0.721378246518761
RPS27L,0.875888054467227
RPS4Y1,0.7943266711485948
RPS6KA2,0.6788075149091423
RPS6KA3,0.6626285251868045
RPS6KA5,0.8833729103603413
RPS6KA6,0.8862581921824537
RPTOR,0.8655847902300235
RREB1,0.6674053617983794
RRS1-AS1,0.808440692038716
RSPO2,0.8780962912574403
RSPO3,0.901499352284855
RSRC1,0.7355726340552183
RTN1,0.8687820904700263
RTN4RL1,0.8954783952440821
RTN4RL2,0.8949862757987525
RTTN,0.8709425792754557
RUFY3,0.8726332639026848
RUNX1,0.8785553014682741
RUNX1T1,0.8607319651091494
RUNX2,0.8266455859073922
RYBP,0.8020561024463417
RYR3,0.8879126953670193
S100A10,0.8587924975006945
S100A11,0.6240469447354079
S100A14,0.8882374034450602
S100A16,0.8681619943751916
S100A4,0.9273567987348977
S100A6,0.8502136027533621
S100A9,0.7936607624649842
S100Z,0.8369779286140142
S1PR1,0.8308985038006431
S1PR3,0.8668007430114287
SALL1,0.8720282003407285
SAMD10,0.9365612156821713
SAMD12,0.878193973684838
SAMD12-AS1,0.9123416124330821
SAMD13,0.8783305950103532
SAMD14,0.8535553621985437
SAMD3,0.8225646615924089
SAMD4A,0.6972825935299976
SAMD5,0.4308888011089577
SAP130,0.6381133853767497
SARNP,0.8676154653904455
SARS,0.8753492084085877
SASH1,0.8641886351871645
SAT1,0.8143127937759843
SATB2,0.8541748730081816
SAXO1,0.8855854736128647
SAXO2,0.8690163083668186
SBNO1,0.809699708367886
SC5D,0.8736814028120741
SCAI,0.8597436345399152
SCAMP1-AS1,0.8769599475755921
SCAPER,0.8638010793859723
SCARA5,0.8463923614348566
SCARNA2,0.9027117118302193
SCARNA7,0.875967862020512
SCD5,0.8790227965634552
SCEL,0.8623116233706557
SCFD1,0.8714086737794627
SCFD2,0.8682499957667228
SCGN,0.921258821540525
SCHLAP1,0.8569794083861891
SCIN,0.8767773291592262
SCLT1,0.8672080167679025
SCMH1,0.8703863066990923
SCN11A,0.8878535038149072
SCN2A,0.27221421905040877
SCN3A,0.8028669212208817
SCN3B,0.8820598008264949
SCN7A,0.8711311635105349
SCN8A,0.863872634026438
SCNN1D,0.9047524097511188
SCP2,0.8658009374813627
SCT,0.9125947648315
SCUBE1,0.935190376474026
SCUBE2,0.8656670440549536
SDC2,0.8731028646615179
SDCBP2-AS1,0.8859878170875536
SDCCAG8,0.8600487764070452
SDHAP3,0.8683490887691253
SDK2,0.8669760709543395
SDR42E2,0.8742322844174778
SEC14L5,0.8247115167791548
SEC1P,0.9028963230921605
SEL1L2,0.8747072063636712
SEL1L3,0.8839680263562569
SEMA3A,0.8604622462847094
SEMA3C,0.8374976482673979
SEMA3D,0.8508240817619572
SEMA4F,0.8948304442732485
SEMA5A,0.8905809136912954
SEMA6C,0.8384892999868107
SEMA6D,0.8660128459419986
SENP2,0.8598883863994988
SENP7,0.8647357311836419
SEPT1,0.877420831041562
SEPT4,0.9041292436811765
SEPT7-AS1,0.8519197158530456
SEPT7P9,0.936503341143935
SERINC4,0.8837488323312477
SERP2,0.8894298718338834
SERPINB8,0.9077570932236062
SERPINB9,0.8625133500601214
SERPINB9P1,0.9249826011701129
SERPINE1,0.8510267313531603
SERPINE2,0.782010468560376
SERPING1,0.8739644971627991
SERPINH1,0.8554370718030891
SERPINI2,0.8369369959395768
SETBP1,0.864084483076672
SETD7,0.8593751794640103
SEZ6L,0.8525701906087357
SF3A2,0.8805640903029767
SF3B2,0.7162664001452711
SFMBT2,0.8661178926883034
SFN,0.8041387332290815
SFRP2,0.8718599379193075
SFTA1P,0.6711551792317626
SFTPD,0.8747238606582751
SFXN3,0.7627007294637107
SGCD,0.8394063297356826
SGCG,0.9263140830039067
SGCZ,0.9198356607715095
SGIP1,0.8459518900011128
SGK2,0.9287576343070973
SGK223,0.8658864374097104
SGMS1,0.8674873946693576
SGPP2,0.8522328746135153
SH2D2A,0.910319564447992
SH2D3C,0.907283699107562
SH3BGRL2,0.879663182894234
SH3D19,0.8681787969242487
SH3GL1P1,0.8962216182339174
SH3GL2,0.8674664272273427
SH3PXD2A,0.864757799591537
SH3PXD2B,0.8702909908228574
SH3RF1,0.8736764348326875
SHB,0.8798217582961523
SHC3,0.8890336174902491
SHH,0.7414403744707513
SHISA2,0.9187116464484536
SHISA3,0.9039559009533727
SHISA6,0.8626583012420311
SHPRH,0.8660343894825814
SHROOM3,0.8614451897509465
SHROOM4,0.87674334720456
SIDT1,0.8611487708943714
SIPA1L2,0.8654985195461085
SIX1,0.8944354072307663
SIX3,0.9376889808361374
SKIDA1,0.8952960187998955
SLC10A7,0.8723688419904294
SLC12A3,0.8666816145096039
SLC14A2,0.8943435981612291
SLC15A1,0.8649233162406308
SLC15A3,0.8340079650353837
SLC16A10,0.862428884848009
SLC16A12,0.9082348091462703
SLC16A3,0.8809326442017619
SLC16A7,0.8652426527997363
SLC1A1,0.8897860908676557
SLC1A2,0.8757418168621999
SLC1A3,0.8697527788872345
SLC20A2,0.8705540147591382
SLC22A23,0.8766857133398488
SLC22A25,0.8763273528637913
SLC22A3,0.852858238288359
SLC22A4,0.8755215596373032
SLC22A9,0.8735068681709314
SLC24A2,0.8770528488089128
SLC24A3,0.674229019327893
SLC24A4,0.9238825591633947
SLC24A5,0.8716221434123265
SLC25A21-AS1,0.8748983844605487
SLC25A35,0.9060562007921761
SLC25A48,0.8033536711256646
SLC26A1,0.8785819928756246
SLC27A6,0.8422359809712042
SLC28A1,0.8620176527997723
SLC2A1,0.8732987246236683
SLC2A13,0.8753578184041669
SLC2A3,0.8582096136083561
SLC2A8,0.8855778022148568
SLC2A9,0.8841090934320017
SLC30A10,0.9089634834698926
SLC30A7,0.8807414525594767
SLC30A8,0.8971753845760055
SLC30A9,0.8643046297158898
SLC35C1,0.8858172828000771
SLC35F1,0.8757544506490931
SLC35F3,0.8654044510391216
SLC35F4,0.8880655423711009
SLC37A2,0.8373211029521352
SLC39A11,0.872272607951621
SLC39A8,0.8596866551267481
SLC40A1,0.7990402294990873
SLC44A5,0.8736356622128318
SLC45A2,0.8562919875495856
SLC46A1,0.9290127064691601
SLC4A10,0.8632504299780804
SLC4A3,0.8909478373667757
SLC4A4,0.9042165486235106
SLC4A7,0.8684114374213707
SLC51A,0.9065098373592491
SLC52A3,0.897054278491136
SLC5A12,0.84381707275272
SLC5A3,0.8812212128687419
SLC5A4,0.8604947898322338
SLC5A5,0.9282628101603937
SLC6A1,0.8409863238133051
SLC6A13,0.9189119199856675
SLC7A11,0.8688812026506267
SLC7A2,0.8708751718698606
SLC8A1,0.8849330081782445
SLC8A3,0.8306927798435825
SLC9A1,0.8706442974909332
SLC9A2,0.9225292821312053
SLC9A3,0.9123220909548941
SLC9A3R2,0.8793048999709903
SLC9A7P1,0.9405733115482947
SLC9A9,0.8462200063929117
SLC9B1,0.8926742564858456
SLC9C1,0.8905093902818567
SLC9C2,0.8295984477729444
SLCO1C1,0.7918786224267602
SLCO2A1,0.8889393982731159
SLCO3A1,0.8857253039404924
SLCO4C1,0.8387544803873832
SLCO6A1,0.8620055426954464
SLFNL1,0.8054106733042198
SLFNL1-AS1,0.858144401689228
SLIRP,0.8024847865472418
SLIT2,0.7968100175455264
SLIT3,0.6499810030912265
SLITRK5,0.9022759624996748
SLITRK6,0.7801871185486978
SLMAP,0.7862890054011986
SMAD3,0.8648706193664455
SMAD4,0.8602420356605244
SMAD6,0.845847657856818
SMAD9,0.8889308284619567
SMARCA1,0.865685855778722
SMARCA2,0.8548942833093702
SMARCE1,0.7273614425939836
SMC5-AS1,0.8430482997695374
SMCHD1,0.8710303777116891
SMCO2,0.9069405893233224
SMG1P6,0.8751383279523226
SMG7,0.8756061674090897
SMIM17,0.8462954775100763
SMIM22,0.8869458104660051
SMIM24,0.80799783187007
SMOC2,0.879458985374522
SMOX,0.8796580281618035
SMPDL3A,0.8774997560046363
SMS,0.8563594087857066
SMURF2,0.863722078495217
SMYD2,0.8623904921630053
SNAI1,0.26016358879485607
SNAI2,0.7742050443552091
SNAR-C3,0.8864280880770615
SNAR-E,0.8793227102168917
SNAR-G2,0.8739874257211758
SNCA,0.8655546313258526
SNCAIP,0.8586136229311818
SNCB,0.8537897924111031
SNHG11,0.8948027201022257
SNHG20,0.9007596847278717
SNHG4,0.8872160892736557
SNHG9,0.8290920438539406
SNORA26,0.921107815159205
SNORA63,0.886432591444484
SNORA95,0.8916265910944702
SNORD116-28,0.9230807234703557
SNORD30,0.8782424349847444
SNORD79,0.8571523184950952
SNPH,0.8469149513569996
SNRNP27,0.8750552202026455
SNRNP70,0.7595858399547004
SNRPN,0.8674072549354985
SNTG1,0.8873886072749397
SNX13,0.8580210893929583
SNX14,0.8773350215871489
SNX25,0.8708016955190202
SNX31,0.9355555680889073
SNX6,0.8723034556813788
SNX9,0.8667417449155617
SOBP,0.876088244162397
SOCS2-AS1,0.9279815615887168
SORBS1,0.8564556485984262
SORBS2,0.8448377226539653
SORCS1,0.8945210363166054
SORCS2,0.8889042907960699
SORCS3,0.8856068878929151
SORL1,0.8707582866908818
SOS1,0.8661312634734649
SOX2-OT,0.8861599423751022
SOX4,0.8700034609330424
SOX6,0.831238676371518
SOX9,0.8423075200843231
SOX9-AS1,0.8492494495613918
SP140,0.7613586070914485
SP140L,0.8315404358416213
SP3,0.8705163504523321
SP6,0.8836447257452108
SP8,0.892797993114475
SPACA9,0.8779671891258262
SPAG1,0.8704749796504482
SPAG16,0.858201067196563
SPAG17,0.8744165134754508
SPAG6,0.9390779377424577
SPAM1,0.8971799075417274
SPARC,0.8573267903478866
SPARCL1,0.8396106164251982
SPATA1,0.874260263365804
SPATA13,0.8699194316653314
SPATA16,0.6727108150851296
SPATA18,0.88789705326242
SPATA6,0.8719771260635669
SPATS2,0.7576981049250271
SPATS2L,0.8450179776875689
SPG20,0.8635241545809119
SPHKAP,0.9283881164573157
SPIN2A,0.8994618335213431
SPINK1,0.7837029930861323
SPINK8,0.8944061649863431
SPOCK1,0.8643541906252232
SPOCK2,0.8844901995122089
SPOCK3,0.8681465074934749
SPON1,0.8730047901860178
SPON2,0.898386562851339
SPP1,0.8189298057023014
SPRED1,0.776829851763186
SPRED2,0.8632409406197553
SPRY1,0.4208649974910406
SPSB4,0.8716836311182092
SPTBN5,0.8636827415488793
SPTLC3,0.8479975888751309
SPTSSB,0.9059285098370253
SPX,0.8540733403251579
SRBD1,0.8659809675709137
SRGAP1,0.8790708579964239
SRGAP2C,0.8624138763245639
SRGAP3,0.8710206776826327
SRPX2,0.7763513002490824
SRRM4,0.8849940499077061
SRSF7,0.8561861811131088
SSBP1,0.8573014334501917
SSBP3-AS1,0.9132894580675394
SSH2,0.86729292834905
SSPO,0.8587551169077775
SSRP1,0.8694437904344232
SSTR2,0.9026573199462741
ST18,0.9112420068219823
ST3GAL1,0.8316131786784609
ST6GALNAC1,0.8667534553739341
ST6GALNAC5,0.8705484279503802
ST8SIA1,0.8964479551034727
ST8SIA2,0.8779540077760464
ST8SIA4,0.7382602197563666
ST8SIA6,0.8809857621017603
STAB2,0.8006539167787958
STAC3,0.8315898981592932
STAG3L1,0.8935941417194775
STARD13,0.859992845356189
STARD5,0.918534301688166
STARD6,0.8481487578193472
STAT4,0.8441654983500345
STAU1,0.866426125761322
STC1,0.86679315518827
STEAP1B,0.868428544946142
STIM2,0.8565830890766523
STK19,0.8917287824474296
STK3,0.8656539664544183
STK31,0.8863862488699803
STK32B,0.8789841021768213
STK38L,0.8720681234764706
STK39,0.8658854037677016
STMN2,0.8976280411344134
STON1-GTF2A1L,0.9048691338718796
STON2,0.8627799543686229
STOX2,0.8642893194751377
STPG2,0.8726682540569167
STPG2-AS1,0.8894018507844829
STS,0.8769013136198102
STT3A-AS1,0.8742402363810048
STX10,0.8555223370447457
STX18-AS1,0.8764686743572155
STX8,0.8680959139942118
STXBP5,0.8723075506875533
STXBP5-AS1,0.8679145145204159
STXBP5L,0.8467007257418291
SUB1,0.7838659388132553
SUCLA2,0.7653987929604088
SUCLG2,0.8643618872745386
SUCLG2-AS1,0.8546415642379276
SUGCT,0.8733991260043086
SUGT1,0.8657240874995904
SULF1,0.84985698932623
SULF2,0.8834120815972967
SULT1C2,0.8342763988022055
SULT1C2P1,0.8309705780121462
SULT1C3,0.8276573500981897
SULT1C4,0.8903701800715095
SUMF1,0.8706932033595015
SUSD1,0.8707252324333504
SUSD2,0.7898081207153769
SUSD4,0.8744805468636123
SUSD6,0.8946884974372623
SV2B,0.8583717705264851
SV2C,0.8574747739386827
SVEP1,0.8352589936009881
SVIL,0.8653621048804091
SVIP,0.8875519493869779
SVOPL,0.8703611671100889
SYBU,0.8916845734506047
SYCP2,0.8419954713238285
SYDE1,0.8720674959594154
SYN2,0.875307162491188
SYNDIG1,0.8792486480209797
SYNE1,0.8636866014511461
SYNPO2L,0.8739461879033642
SYNPR,0.8915706071858214
SYT10,0.9036469864438338
SYT14,0.8678883758611193
SYT16,0.848130181769199
SYT3,0.911677545224764
SYT6,0.8632767042119308
SYT7,0.8858265443109989
SYTL2,0.8812664446932192
SYTL3,0.9063303735446817
SYTL5,0.8456388439160772
T,0.8036812656616126
TAB2,0.784779467064586
TAC3,0.8775149493716533
TACR1,0.8686888013478234
TACR3,0.8667983284810472
TAF3,0.8702933590747006
TAGLN,0.8388094475383087
TAGLN2,0.8475960305772803
TAGLN3,0.9021425730264356
TANC1,0.8445939056431292
TANC2,0.8699495891592113
TANGO6,0.8710151604456927
TANK,0.8704304666933148
TAOK3,0.8876154107288563
TAS2R30,0.8891646255382352
TASP1,0.797721612731606
TBC1D2,0.8449320920401467
TBC1D23,0.8571947535826145
TBC1D32,0.8688340433244712
TBC1D9,0.850058087921432
TBCA,0.8693312381477359
TBCK,0.7935786947678874
TBL1Y,0.8727070430156715
TBX1,0.8868795340318291
TBX15,0.720546471776118
TBX19,0.8464847127748991
TBX20,0.8049013100396984
TBX22,0.7760507698210822
TBX3,0.8876166746796825
TBX6,0.8650967845340692
TCEA1,0.8713054807783455
TCEA3,0.9001823220914547
TCEAL4,0.8705884129942582
TCEAL5,0.8443511938724713
TCEB2,0.7264015860515405
TCERG1L,0.8618700014130332
TCF20,0.7892849650359562
TCF21,0.9149935469310306
TCF24,0.9090033157541998
TCIRG1,0.881695761265882
TCL1B,0.851071344261573
TCL6,0.8833406545494112
TCN1,0.8871576298631273
TCOF1,0.8678457040197339
TCTA,0.9036023311847085
TCTEX1D1,0.8150129537387929
TDGF1,0.856671558439024
TDRD3,0.8758649892571163
TDRP,0.8666709107713457
TEK,0.8578958471713405
TENM1,0.8765657162444473
TENM2,0.8582120876055249
TES,0.8660224470539422
TET2,0.8674228695243076
TET2-AS1,0.8671079726945059
TEX264,0.8725612620880615
TEX41,0.8561010454981953
TFAP2A,0.9027843015788993
TFAP2B,0.8586541036115335
TFEC,0.8574917772581457
TFF3,0.8797899256705601
TFPI,0.8243612284684517
TFPI2,0.8532863332532338
TFRC,0.8677525899015897
TGFB2,0.8827043000339105
TGFB3,0.8758525208475418
TGFBI,0.8825821438148767
TGFBR3,0.8530127457181778
TGIF2-C20orf24,0.8521936966521487
TGM2,0.77433049658762
TGM4,0.899080684918649
THBS1,0.8633918607419501
THEM6,0.8615462193938702
THNSL2,0.9005329336275735
THOC5,0.8750094654083101
THRB,0.8730477048345084
THSD1,0.8992051133955832
THSD4,0.8755407153137023
THSD7A,0.7908410672368292
THSD7B,0.8872051299485727
TICRR,0.8778376284042918
TIE1,0.9009463850036775
TIMM8B,0.8800639999011851
TINCR,0.8747557415715218
TIPARP,0.8570180917628195
TJP2,0.8560233334690509
TLE4,0.734499050229774
TLL1,0.8765107014720976
TLN2,0.8623866242906665
TLR3,0.9017080647475492
TLR8-AS1,0.6930261761617444
TM4SF1,0.8141708046649757
TM4SF18,0.7920487260627542
TM9SF3,0.8585446698920531
TMA7,0.8703206710350423
TMCC3,0.850583229098367
TMED2,0.8605738343682032
TMEFF2,0.8329996232407387
TMEM108,0.8721464824829717
TMEM115,0.8708415500007334
TMEM117,0.8696568307560593
TMEM123,0.8735255975604336
TMEM132C,0.8388978232116052
TMEM132E,0.8051606548683309
TMEM135,0.8147952708354836
TMEM144,0.8773700155092858
TMEM150B,0.8462762772232136
TMEM154,0.8894137175279399
TMEM161B-AS1,0.8851759299157611
TMEM178A,0.8681537293156147
TMEM178B,0.8711970696500252
TMEM184A,0.8650488962351286
TMEM2,0.7966672655007597
TMEM200B,0.9059105025503759
TMEM215,0.8660849325906418
TMEM232,0.8620301427687712
TMEM236,0.8800563130056233
TMEM38B,0.8852958732687007
TMEM51-AS1,0.83614218076791
TMEM64,0.8733625981874749
TMEM72-AS1,0.8950689698259165
TMEM88,0.8523587126974561
TMIGD3,0.8887268186392489
TMOD1,0.880876963172251
TMPRSS11A,0.8995616406886353
TMPRSS11D,0.876523702672094
TMPRSS11E,0.8559602500521565
TMPRSS13,0.8298711816853389
TMSB15B,0.747716505425324
TMTC1,0.8523006884000355
TNC,0.7614324523283085
TNFAIP6,0.8240664932693883
TNFAIP8,0.8730113666847694
TNFRSF11B,0.8661189010504899
TNFRSF12A,0.8969277661175639
TNFRSF19,0.4083638469304444
TNFRSF1B,0.8628855387607989
TNFRSF21,0.8648158851258869
TNFSF13B,0.8698682162579238
TNFSF4,0.8572487439828633
TNIK,0.7611182326614903
TNIP1,0.8768351195874787
TNKS2-AS1,0.8805797512501502
TNMD,0.8910059575204873
TNNI1,0.9100060576063393
TNNT1,0.8769765481130916
TNNT2,0.8835147531843928
TNR,0.8339181711987301
TNRC18,0.8556273170094079
TNRC6C,0.8752439701774822
TNS1,0.8409664611033396
TNS3,0.8501201205803396
TNS4,0.9056463407365936
TNXB,0.8800484845675507
TOM1L2,0.8572056299035269
TOMM20,0.8708153614204588
TOR2A,0.8832510683366871
TOX2,0.8871605167688086
TOX3,0.7709725959005796
TP53BP1,0.8626957403272362
TP53TG1,0.9015199658605133
TP63,0.914828450750171
TP73,0.9131835747262825
TPBG,0.9051906092113811
TPD52,0.793125103551483
TPD52L1,0.8825706052147212
TPK1,0.8508102609681162
TPM2,0.8689359736353447
TPO,0.8897129843634429
TPRG1,0.8616352266230229
TPST2,0.8779844568329462
TPTE2,0.9220388009595799
TPX2,0.7904363900775527
TRABD2B,0.8718946540146496
TRAF3,0.8689194294207789
TRAF3IP3,0.7276494485374959
TRAK1,0.8755648712257792
TRAPPC9,0.8650421839161425
TRDN,0.7205850740624767
TRG-AS1,0.8894620707534171
TRHDE,0.876884231563259
TRHDE-AS1,0.8097640616676658
TRIB3,0.8363135968114718
TRIL,0.8623833284932697
TRIM16L,0.8886170127221982
TRIM2,0.8655195976956467
TRIM38,0.8673579498254131
TRIM44,0.8805052101786135
TRIM55,0.847064396394558
TRIM72,0.8533298575600918
TRIM8,0.8903407497001116
TRPA1,0.8220278386675115
TRPC3,0.8802577119292654
TRPC4,0.8828468622795953
TRPC6,0.8840300811621385
TRPM1,0.8924753260075148
TRPM2,0.8268979977892651
TRPM8,0.8600829783321775
TRPS1,0.8538504934434864
TRPV2,0.897477153177292
TRPV6,0.8873066469713444
TRRAP,0.8590864243341061
TSC22D3,0.8921420193312957
TSHR,0.8093831243296128
TSHZ1,0.8682243769055528
TSHZ2,0.8828547903705185
TSHZ3,0.9011662319179055
TSLP,0.8726831504922866
TSPAN11,0.9116093951338594
TSPAN16,0.7808728287818186
TSPAN18,0.8482007452871309
TSPAN5,0.8721139604531465
TSPAN6,0.8647627594164288
TSPAN7,0.8696975378732891
TSPAN9,0.763871193162875
TSPEAR,0.8733254425666276
TSPEAR-AS1,0.8564302161924155
TSR3,0.884553084406752
TSSC2,0.8691577561842678
TTC29,0.7933101662690294
TTC3,0.8693803467912592
TTC37,0.863971445681847
TTC39C,0.8652180355020902
TTC3P1,0.8556044009547132
TTC6,0.8537087687455033
TTLL10,0.8963842212794044
TTLL7,0.8893987396594636
TTLL9,0.896056814758266
TTN,0.801948049414183
TTTY10,0.8477772782264027
TUBA1A,0.8785948323436235
TUBB4A,0.885745997860798
TUG1,0.86363313207144
TXK,0.8749517029246757
TXLNB,0.8318631017072898
TXNIP,0.8657853243732827
U2AF1L4,0.8763411090396097
UBA2,0.872837413906578
UBAC2,0.8586085189481201
UBASH3B,0.8876949368043587
UBE2E3,0.8586667087447417
UBE2I,0.8618166782315955
UBE2J1,0.8494190338206976
UBE2L3,0.8676018217140539
UBE2N,0.7990730100734146
UBE2QL1,0.8844126953046653
UBE2W,0.7155348193615547
UBE4B,0.800212426289757
UBL4A,0.9087507503575246
UBOX5,0.8983498703430651
UBXN10,0.8799118944485839
UBXN7,0.8637483894593376
UCMA,0.8876212378961784
UGT3A1,0.897180953651025
ULK4,0.8628764416094715
UNC13C,0.8730764350473714
UNC5A,0.8696181878266341
UNC5C,0.897890395408192
UNC79,0.8783351035123736
UNC93A,0.9117993737783897
UNG,0.868190549685105
UNK,0.875466446520367
UNQ6494,0.889149956233428
UPF2,0.8648234491154406
UPK1B,0.8629908203394507
UPP2,0.8408281647247204
UQCR10,0.8635897055088767
UQCRB,0.7915515401473315
USH2A,0.8363651772712113
USHBP1,0.846085254796676
USP18,0.892117106922851
USP28,0.745387549239427
USP3,0.8697785933356409
USP30,0.9270480150376721
USP32P1,0.9132495126363878
USP48,0.8693683417541908
USP53,0.8762408511852794
USP6,0.9254773741805433
UST-AS1,0.8080519282612229
UTP20,0.7958002886358727
VAMP5,0.8333330364350755
VAT1L,0.8839028430446282
VAV3,0.8562173342169609
VEGFC,0.9168561038045159
VGLL3,0.8871571444884405
VIL1,0.8811380380419179
VILL,0.8641598126255358
VIM,0.7238825356029754
VIPR2,0.8884400174349611
VIT,0.8643731415436907
VOPP1,0.8793897607348596
VPS50,0.8777357111760002
VPS54,0.8699041628267636
VPS9D1,0.8793195673986394
VRK2,0.8719198034549477
VSNL1,0.873520285828756
VSTM2A,0.8314192518499338
VTCN1,0.863084749978842
VTI1B,0.8829376604749833
VWA1,0.8933697752911738
VWA3A,0.899532367872707
VWA3B,0.8231638148861413
VWA5A,0.8862613657015322
VWA8,0.8689212413864418
VWC2,0.7737097397619708
VWC2L,0.8246310985963251
VWF,0.8655971804374709
WARS,0.8695023779485108
WASF3,0.8708984108440492
WASH1,0.9086750009536118
WASH2P,0.8381120647215162
WASL,0.86983067062709
WDFY2,0.8640067570062051
WDR11-AS1,0.8660656842747857
WDR13,0.8984726779725504
WDR27,0.8687789592321297
WDR46,0.8811223139057939
WDR60,0.8790785921087636
WDR63,0.8074468560459218
WDR64,0.783984763556562
WDR70,0.7419163741649173
WDR78,0.8886257793893774
WDR86,0.8744672979935052
WDR93,0.8188525080981307
WFDC10B,0.7875893505282656
WFDC3,0.8176722201982948
WHAMMP1,0.9165139972045562
WHSC1L1,0.7838327645793591
WIPF1,0.8645829623934808
WIPF3,0.8867701740153554
WIPI1,0.8300132795612056
WLS,0.8353179333475128
WNT3,0.8860730399898195
WNT5A,0.88108486627209
WNT5B,0.924018808561365
WNT8A,0.8703663986746483
WRN,0.8607420509536894
WSB1,0.8572787072926427
WSCD2,0.8956379890363477
WTAPP1,0.9357223603734696
WWC1,0.8744958726855767
WWTR1,0.865534495492984
XAB2,0.8817249714870133
XCR1,0.8091440427001122
XIRP2,0.8827558504509064
XKR4,0.8748009542380872
XKR9,0.8945054852836009
XPO4,0.869262143005615
XPO7,0.8689381429221408
XPOT,0.8633033787826337
XRCC4,0.8711420631465151
XRCC6P5,0.8815925072427249
XYLB,0.883191922574087
XYLT1,0.7980601108514022
YAF2,0.8696126753400976
YLPM1,0.796952434920644
YPEL2,0.8462652582586299
ZADH2,0.8991956678193591
ZAK,0.8509979090101577
ZBBX,0.8845579625089073
ZBTB16,0.8609660479552947
ZBTB18,0.4753358563906986
ZBTB20,0.7659752602701092
ZBTB3,0.8737764063634844
ZBTB38,0.8666563710473755
ZBTB7C,0.8260707997268918
ZC3H12C,0.8749727203481846
ZC3H14,0.8684119628799892
ZC3H15,0.8694584262374433
ZC4H2,0.8642770935779884
ZCCHC16,0.8534822341951938
ZCCHC18,0.8760705247564865
ZCCHC24,0.8836058460661096
ZCWPW2,0.894882666211758
ZDHHC11B,0.8857262074461624
ZDHHC14,0.8764523701382501
ZDHHC17,0.8696428865119343
ZEB1,0.8381291721647188
ZEB2,0.8475948533862635
ZFHX3,0.8751887611541278
ZFHX4,0.9070389173881105
ZFP30,0.8871492767830622
ZFP36,0.8833190559788089
ZFP42,0.8690580096024981
ZFPM2,0.8409312433736346
ZFPM2-AS1,0.8126590667740344
ZFYVE16,0.8673015178356961
ZFYVE28,0.8845619270786798
ZGLP1,0.8599246283549841
ZHX1-C8orf76,0.8436788503602857
ZHX2,0.8818627789928001
ZIC1,0.9297500717267565
ZIC4,0.9119010777584304
ZMAT4,0.8691679029389773
ZMIZ1,0.8650413841319116
ZNF106,0.8608989358686323
ZNF124,0.8623329094640879
ZNF148,0.8655145592125104
ZNF16,0.8657813160065908
ZNF19,0.891484216772434
ZNF205,0.8866496497421463
ZNF223,0.881945731168929
ZNF350-AS1,0.8678107215368084
ZNF382,0.8910582831720575
ZNF385B,0.8578780728225682
ZNF385D,0.8569032385214894
ZNF407,0.7635643564952047
ZNF436,0.8834278677520717
ZNF469,0.8741496085544758
ZNF48,0.8740829953944272
ZNF488,0.897835161274941
ZNF503,0.6886760001256061
ZNF516,0.873607649204051
ZNF521,0.8738173134491347
ZNF526,0.8604154874361875
ZNF536,0.8580243708554235
ZNF541,0.8684249364835709
ZNF547,0.9043155343339233
ZNF554,0.8918228148392376
ZNF560,0.922914331520811
ZNF568,0.9095291823444969
ZNF584,0.8426733943068183
ZNF664,0.8890093475127159
ZNF664-FAM101A,0.8944323548958774
ZNF704,0.6732211846764208
ZNF707,0.901445487030279
ZNF714,0.8549242663005667
ZNF750,0.9202174592707032
ZNF75D,0.7328537720557042
ZNF764,0.9001592169149722
ZNF792,0.8572171133551629
ZNF804A,0.7220603579912913
ZNF804B,0.8982218898719269
ZNF821,0.8660794793677192
ZNF827,0.8523554025968065
ZNF90,0.8528802703759676
ZNF91,0.8725984000860358
ZNHIT2,0.8825400632913106
ZNRF3,0.7986037602125824
ZRANB3,0.8111908299511896
ZRSR2,0.8682778236883198
ZSCAN1,0.8930397793842756
ZSWIM6,0.7870932236921384
ZZZ3,0.862013380717515
